Date,CPID:CM03:3001:JT:CV_VALUE,CLL:CM03:2301:DS:LVL,CLL:CM03:2601:US:LVL,ACCL:L1B:0370:GACT,CPT:CM03:2302:DS:PRESS,Electric Heat Load Setpoint,Electric Heat Load Readback
2019-04-02-18:27:00,24.5,94.1789,73.4387,13.3073,29.6283,64.0,63.07998
2019-04-02-18:27:05,24.5,94.1789,73.5576,13.4843,29.6283,64.0,63.07998
2019-04-02-18:27:10,24.5,94.1885,73.2556,13.8342,29.6283,64.0,63.07998
2019-04-02-18:27:15,24.5,94.1885,73.4584,14.183,29.6283,64.0,63.07998
2019-04-02-18:27:20,24.5,94.3415,73.4274,14.3527,29.6283,64.0,63.07998
2019-04-02-18:27:25,24.5,94.203,73.4274,14.6954,29.6283,64.0,63.07998
2019-04-02-18:27:30,24.5,94.0587,73.5417,14.8644,29.6283,64.0,63.07998
2019-04-02-18:27:35,24.5,94.0696,73.4192,15.2075,29.6283,64.0,63.07998
2019-04-02-18:27:40,24.5,94.0841,73.5659,15.3808,29.6283,64.0,63.07998
2019-04-02-18:27:45,24.5,94.1001,73.5278,15.7239,29.6283,64.0,63.07998
2019-04-02-18:27:50,24.5,94.1823,73.5191,15.8929,29.6283,64.0,63.07998
2019-04-02-18:27:55,24.5,94.0802,73.4089,15.9749,29.6283,64.0,63.07998
2019-04-02-18:28:00,24.5,94.0802,73.4179,16.0137,29.6283,64.0,63.07998
2019-04-02-18:28:05,24.5,94.1684,73.4541,15.9948,29.6283,64.0,63.07998
2019-04-02-18:28:10,24.5,94.0601,73.4541,16.0186,29.6283,64.0,63.07998
2019-04-02-18:28:15,24.5,94.0601,73.5656,16.0085,29.6283,64.0,63.07998
2019-04-02-18:28:20,24.5,94.0601,73.5756,15.9958,29.6283,64.0,63.07998
2019-04-02-18:28:25,24.5,94.0601,73.4147,15.9958,29.6283,64.0,63.07998
2019-04-02-18:28:30,24.5,94.1676,73.2794,16.0113,29.6283,64.0,63.07998
2019-04-02-18:28:35,24.5,94.048,73.3803,16.0113,29.6283,64.0,63.07998
2019-04-02-18:28:40,24.5,94.1077,73.4246,15.9995,29.6283,64.0,63.07998
2019-04-02-18:28:45,24.5,94.2004,73.4246,16.0114,29.6283,64.0,63.07998
2019-04-02-18:28:50,24.5,94.2078,73.4246,15.9936,29.729,64.0,63.07998
2019-04-02-18:28:55,24.5,94.0782,73.3506,15.9936,29.729,64.0,63.07998
2019-04-02-18:29:00,24.5,94.0782,73.3833,16.0037,29.729,64.0,63.07998
2019-04-02-18:29:05,24.5,94.273,73.3681,16.0037,29.729,64.0,63.07998
2019-04-02-18:29:10,24.5,94.1104,73.1996,16.0037,29.729,64.0,63.07998
2019-04-02-18:29:15,24.5,93.9979,73.3784,15.992,29.729,64.0,63.07998
2019-04-02-18:29:20,24.5,94.1169,73.2335,16.0128,29.729,64.0,63.07998
2019-04-02-18:29:25,24.5,94.015,73.4743,16.0128,29.729,64.0,63.07998
2019-04-02-18:29:30,24.5,94.015,73.3708,15.9948,29.729,64.0,63.07998
2019-04-02-18:29:35,24.5,94.015,73.3523,16.0077,29.729,64.0,63.07998
2019-04-02-18:29:40,24.5,94.0394,73.3638,16.0077,29.729,64.0,63.07998
2019-04-02-18:29:45,24.5,94.2018,73.4044,15.9966,29.729,64.0,63.07998
2019-04-02-18:29:50,24.5,94.2179,73.0868,16.0092,29.729,64.0,63.07998
2019-04-02-18:29:55,24.5,94.0119,73.255,15.9842,29.729,64.0,63.07998
2019-04-02-18:30:00,24.5,94.0601,73.4261,15.9842,29.729,64.0,63.07998
2019-04-02-18:30:05,24.5,94.0601,73.3058,15.9955,29.729,64.0,63.07998
2019-04-02-18:30:10,24.5,94.0248,73.2554,15.9955,29.729,64.0,63.07998
2019-04-02-18:30:15,24.5,93.884,73.2621,15.9955,29.729,64.0,63.07998
2019-04-02-18:30:20,24.5,93.9312,73.3623,15.9955,29.729,64.0,63.07998
2019-04-02-18:30:25,24.5,93.8996,73.2803,16.0088,29.729,64.0,63.07998
2019-04-02-18:30:30,24.5,93.998,73.2828,15.9882,29.729,64.0,63.07998
2019-04-02-18:30:35,24.5,93.8616,73.1926,16.0122,29.729,64.0,63.07998
2019-04-02-18:30:40,24.5,94.0618,73.3754,16.0122,29.729,64.0,63.07998
2019-04-02-18:30:45,24.5,93.9634,73.0693,15.9962,29.729,64.0,63.07998
2019-04-02-18:30:50,24.5,93.8606,73.2463,16.0151,29.729,64.0,63.07998
2019-04-02-18:30:55,24.5,93.8758,73.0655,16.0151,29.729,64.0,63.07998
2019-04-02-18:31:00,24.5,93.8061,73.3251,16.0034,29.729,64.0,63.07998
2019-04-02-18:31:05,24.5,93.7799,73.1296,16.014,29.729,64.0,63.07998
2019-04-02-18:31:10,24.5,94.1109,73.1245,16.014,29.729,64.0,63.07998
2019-04-02-18:31:15,24.5,93.917,73.0813,15.9969,29.729,64.0,63.07998
2019-04-02-18:31:20,24.5,94.023,73.2171,15.9969,29.729,64.0,63.07998
2019-04-02-18:31:25,24.5,93.8495,73.2034,15.9969,29.729,64.0,63.07998
2019-04-02-18:31:30,24.5,93.9683,73.0946,16.01,29.729,64.0,63.07998
2019-04-02-18:31:35,24.5,93.9617,73.128,15.9938,29.729,64.0,63.07998
2019-04-02-18:31:40,24.5,93.8091,73.128,16.0138,29.729,64.0,63.07998
2019-04-02-18:31:45,24.5,93.9469,73.3082,16.0138,29.729,64.0,63.07998
2019-04-02-18:31:50,24.5,94.0294,73.0388,16.0004,29.729,64.0,63.07998
2019-04-02-18:31:55,24.5,93.8537,73.0388,16.0129,29.8296,64.0,63.07998
2019-04-02-18:32:00,24.5,93.8721,73.1483,16.0129,29.8296,64.0,63.07998
2019-04-02-18:32:05,24.5,93.8978,73.0383,15.9836,29.8296,64.0,63.07998
2019-04-02-18:32:10,24.5,93.927,73.0727,15.9946,29.8296,64.0,63.07998
2019-04-02-18:32:15,24.5,93.8742,73.1928,15.9946,29.8296,64.0,63.07998
2019-04-02-18:32:20,24.5,93.8567,73.2116,16.0061,29.8296,64.0,63.07998
2019-04-02-18:32:25,24.5,93.739,73.2312,15.9845,29.8296,64.0,63.07998
2019-04-02-18:32:30,24.5,93.739,73.2413,15.9845,29.8296,64.0,63.07998
2019-04-02-18:32:35,24.5,93.9185,73.1665,15.995,29.8296,64.0,63.07998
2019-04-02-18:32:40,24.5,93.7966,73.0584,15.995,29.8296,64.0,63.07998
2019-04-02-18:32:45,24.5,93.7966,73.1223,16.006,29.8296,64.0,63.07998
2019-04-02-18:32:50,24.5,93.7996,73.1223,16.006,29.8296,64.0,63.07998
2019-04-02-18:32:55,24.5,93.7356,73.1223,15.9929,29.8296,64.0,63.07998
2019-04-02-18:33:00,24.5,93.7054,73.1332,16.0093,29.8296,64.0,63.07998
2019-04-02-18:33:05,24.5,93.6436,73.0223,16.0093,29.8296,64.0,63.07998
2019-04-02-18:33:10,24.5,93.6785,73.0223,15.9975,29.8296,64.0,63.07998
2019-04-02-18:33:15,24.5,93.6768,73.0223,16.0111,29.8296,64.0,63.07998
2019-04-02-18:33:20,24.5,93.713,73.1309,16.0111,29.8296,64.0,63.07998
2019-04-02-18:33:25,24.5,93.6958,73.0275,15.9868,29.8296,64.0,63.07998
2019-04-02-18:33:30,24.5,93.7059,73.0522,15.9968,29.8296,64.0,63.07998
2019-04-02-18:33:35,24.5,93.7059,72.9205,15.9968,29.8296,64.0,63.07998
2019-04-02-18:33:40,24.5,93.75,73.0516,16.0085,29.8296,64.0,63.07998
2019-04-02-18:33:45,24.5,93.6826,73.069,15.9849,29.8296,64.0,63.07998
2019-04-02-18:33:50,24.5,93.6826,73.0953,15.9849,29.8296,64.0,63.07998
2019-04-02-18:33:55,24.5,93.6826,73.0985,15.9849,29.8296,64.0,63.07998
2019-04-02-18:34:00,24.5,93.6826,73.035,16.0006,29.8296,64.0,63.07998
2019-04-02-18:34:05,24.5,93.8403,72.9474,16.0006,29.8296,64.0,63.07998
2019-04-02-18:34:10,24.5,93.9575,73.0442,16.0006,29.8296,64.0,63.07998
2019-04-02-18:34:15,24.5,93.6582,73.0326,15.9901,29.8296,64.0,63.07998
2019-04-02-18:34:20,24.5,93.8009,73.0091,16.0112,29.8296,64.0,63.07998
2019-04-02-18:34:25,24.5,93.8518,72.9241,16.0112,29.8296,64.0,63.07998
2019-04-02-18:34:30,24.5,93.8309,73.0439,15.9996,29.8296,64.0,63.07998
2019-04-02-18:34:35,24.5,93.6239,73.1209,16.0103,29.8296,64.0,63.07998
2019-04-02-18:34:40,24.5,93.7598,73.1992,16.0103,29.8296,64.0,63.07998
2019-04-02-18:34:45,24.5,93.6137,73.1611,15.9883,29.8296,64.0,63.07998
2019-04-02-18:34:50,24.5,93.6967,73.0533,15.9883,29.8296,64.0,63.07998
2019-04-02-18:34:55,24.5,93.6967,73.0533,15.9883,29.8296,64.0,63.07998
2019-04-02-18:35:00,24.5,93.6997,72.9579,16.0066,29.8296,64.0,63.07998
2019-04-02-18:35:05,24.5,93.6676,72.962,15.9869,29.8296,64.0,63.07998
2019-04-02-18:35:10,24.5,93.6871,72.7302,16.0124,29.8296,64.0,63.07998
2019-04-02-18:35:15,24.5,93.423,73.0995,16.0124,29.8296,64.0,63.07998
2019-04-02-18:35:20,24.5,93.5858,72.9068,15.999,29.8296,64.0,63.07998
2019-04-02-18:35:25,24.5,93.5508,72.9068,16.0174,29.8296,64.0,63.07998
2019-04-02-18:35:30,24.5,93.584,72.9638,16.0174,29.8296,64.0,63.07998
2019-04-02-18:35:35,24.5,93.5569,72.8458,16.0033,29.8296,64.0,63.07998
2019-04-02-18:35:40,24.5,93.5537,72.7611,15.9932,29.8296,64.0,63.07998
2019-04-02-18:35:45,24.5,93.3815,72.7354,15.9932,29.8296,64.0,63.07998
2019-04-02-18:35:50,24.5,93.5889,72.7252,16.0049,29.8296,64.0,63.07998
2019-04-02-18:35:55,24.5,93.4504,72.7498,15.9813,29.8296,64.0,63.07998
2019-04-02-18:36:00,24.5,93.4058,72.7144,15.9813,29.8296,64.0,63.07998
2019-04-02-18:36:05,24.5,93.3811,72.7391,15.9982,29.8296,64.0,63.07998
2019-04-02-18:36:10,24.5,93.35,72.8081,16.0082,29.8296,64.0,63.07998
2019-04-02-18:36:15,24.5,93.4217,72.8059,15.9936,29.8296,64.0,63.07998
2019-04-02-18:36:20,24.5,93.3409,72.769,15.983,29.8296,64.0,63.07998
2019-04-02-18:36:25,24.5,93.346,72.769,16.0073,29.8296,64.0,63.07998
2019-04-02-18:36:30,24.5,93.7318,72.8763,15.9935,29.8296,64.0,63.07998
2019-04-02-18:36:35,24.5,93.4733,72.6954,15.9935,29.8296,64.0,63.07998
2019-04-02-18:36:40,24.5,93.6849,72.7059,16.0051,29.8296,64.0,63.07998
2019-04-02-18:36:45,24.5,93.5321,72.7146,16.0051,29.8296,64.0,63.07998
2019-04-02-18:36:50,24.5,93.7095,72.6817,16.0051,29.8296,64.0,63.07998
2019-04-02-18:36:55,24.5,93.4884,72.8988,15.9921,29.8296,64.0,63.07998
2019-04-02-18:37:00,24.5,93.3217,72.8929,16.0027,29.8296,64.0,63.07998
2019-04-02-18:37:05,24.5,93.3354,72.839,16.0027,29.8296,64.0,63.07998
2019-04-02-18:37:10,24.5,93.3315,72.8111,16.0145,29.8296,64.0,63.07998
2019-04-02-18:37:15,24.5,93.5526,72.7538,15.9933,29.8296,64.0,63.07998
2019-04-02-18:37:20,24.5,93.3168,72.7192,15.9933,29.8296,64.0,63.07998
2019-04-02-18:37:25,24.5,93.3168,72.7192,16.004,29.8296,64.0,63.07998
2019-04-02-18:37:30,24.5,93.5099,72.8822,15.9873,29.8296,64.0,63.07998
2019-04-02-18:37:35,24.5,93.5209,72.7984,15.9873,29.8296,64.0,63.07998
2019-04-02-18:37:40,24.5,93.3236,72.6668,16.0057,29.8296,64.0,63.07998
2019-04-02-18:37:45,24.5,93.3113,72.6823,15.9915,29.8296,64.0,63.07998
2019-04-02-18:37:50,24.5,93.3107,72.6823,15.9915,29.8296,64.0,63.07998
2019-04-02-18:37:55,24.5,93.3312,72.8774,16.0071,29.8296,64.0,63.07998
2019-04-02-18:38:00,24.5,93.3152,72.6749,15.9794,29.8296,64.0,63.07998
2019-04-02-18:38:05,24.5,93.447,72.6739,15.9794,29.8296,64.0,63.07998
2019-04-02-18:38:10,24.5,93.2996,72.6963,15.9919,29.8296,64.0,63.07998
2019-04-02-18:38:15,24.5,93.2996,72.5804,16.0052,29.8296,64.0,63.07998
2019-04-02-18:38:20,24.5,93.2968,72.6976,16.0052,29.8296,64.0,63.07998
2019-04-02-18:38:25,24.5,93.3213,72.6699,15.9848,29.8296,64.0,63.07998
2019-04-02-18:38:30,24.5,93.3213,72.6581,15.9951,29.8296,64.0,63.07998
2019-04-02-18:38:35,24.5,93.3213,72.5312,15.9951,29.8296,64.0,63.07998
2019-04-02-18:38:40,24.5,93.3023,72.6608,15.9951,29.8296,64.0,63.07998
2019-04-02-18:38:45,24.5,93.2726,72.6531,15.9951,29.8296,64.0,63.07998
2019-04-02-18:38:50,24.5,93.4348,72.6716,15.9843,29.8296,64.0,63.07998
2019-04-02-18:38:55,24.5,93.4618,72.6511,16.0039,29.8296,64.0,63.07998
2019-04-02-18:39:00,24.5,93.4391,72.6526,15.9937,29.8296,64.0,63.07998
2019-04-02-18:39:05,24.5,93.4571,72.6295,15.9937,29.8296,64.0,63.07998
2019-04-02-18:39:10,24.5,93.4161,72.3367,16.0083,29.8296,64.0,63.07998
2019-04-02-18:39:15,24.5,93.2957,72.5967,15.9797,29.8296,64.0,63.07998
2019-04-02-18:39:20,24.5,93.2863,72.7917,15.9797,29.8296,64.0,63.07998
2019-04-02-18:39:25,24.5,93.3539,72.474,15.9937,29.8296,64.0,63.07998
2019-04-02-18:39:30,24.5,93.2381,72.6909,16.0041,29.8296,64.0,63.07998
2019-04-02-18:39:35,24.5,93.0979,72.4127,16.0041,29.8296,64.0,63.07998
2019-04-02-18:39:40,24.5,93.0396,72.4127,15.9863,29.8296,64.0,63.07998
2019-04-02-18:39:45,24.5,93.1125,72.54,15.9863,29.8296,64.0,63.07998
2019-04-02-18:39:50,24.5,93.2781,72.6944,15.9863,29.8296,64.0,63.07998
2019-04-02-18:39:55,24.5,93.2696,72.7934,15.9974,29.8296,64.0,63.07998
2019-04-02-18:40:00,24.5,93.3663,72.3828,16.0085,29.8296,64.0,63.07998
2019-04-02-18:40:05,24.5,93.2585,72.6129,16.0085,29.8296,64.0,63.07998
2019-04-02-18:40:10,24.5,93.0969,72.7545,16.0085,29.8296,64.0,63.07998
2019-04-02-18:40:15,24.5,93.108,72.7929,15.9902,29.8296,64.0,63.07998
2019-04-02-18:40:20,24.5,93.015,72.3243,16.0081,29.8296,64.0,63.07998
2019-04-02-18:40:25,24.5,93.1972,72.3538,16.0081,29.8296,64.0,63.07998
2019-04-02-18:40:30,24.5,92.9736,72.3431,15.9965,29.8296,64.0,63.07998
2019-04-02-18:40:35,24.5,93.0515,72.4951,16.0117,29.8296,64.0,63.07998
2019-04-02-18:40:40,24.5,93.2351,72.5108,16.0117,29.8296,64.0,63.07998
2019-04-02-18:40:45,24.5,93.0758,72.3152,15.9861,29.8296,64.0,63.07998
2019-04-02-18:40:50,24.5,93.2179,72.5347,15.9964,29.8296,64.0,63.07998
2019-04-02-18:40:55,24.5,93.0713,72.2926,15.9964,29.8296,64.0,63.07998
2019-04-02-18:41:00,24.5,92.9723,72.305,15.9964,29.8296,64.0,63.07998
2019-04-02-18:41:05,24.5,93.2191,72.3313,15.9861,29.8296,64.0,63.07998
2019-04-02-18:41:10,24.5,93.1664,72.3313,15.9963,29.8296,64.0,63.07998
2019-04-02-18:41:15,24.5,93.2958,72.3258,15.9963,29.8296,64.0,63.07998
2019-04-02-18:41:20,24.5,93.1526,72.4537,15.9963,29.8296,64.0,63.07998
2019-04-02-18:41:25,24.5,93.2906,72.2835,16.0084,29.8296,64.0,63.07998
2019-04-02-18:41:30,24.5,93.1921,72.3007,16.0084,29.8296,64.0,63.07998
2019-04-02-18:41:35,24.5,92.9764,72.4599,15.9914,29.8296,64.0,63.07998
2019-04-02-18:41:40,24.5,93.0868,72.4236,16.0102,29.8296,64.0,63.07998
2019-04-02-18:41:45,24.5,93.2803,72.5402,16.0102,29.8296,64.0,63.07998
2019-04-02-18:41:50,24.5,93.3087,72.3403,15.9979,29.8296,64.0,63.07998
2019-04-02-18:41:55,24.5,92.9372,72.3403,16.0143,29.8296,64.0,63.07998
2019-04-02-18:42:00,24.5,93.2056,72.3403,16.0143,29.8296,64.0,63.07998
2019-04-02-18:42:05,24.5,93.0032,72.3403,15.9878,29.8296,64.0,63.07998
2019-04-02-18:42:10,24.5,92.9496,72.3403,15.9986,29.8296,64.0,63.07998
2019-04-02-18:42:15,24.5,93.0624,72.3649,15.9986,29.8296,64.0,63.07998
2019-04-02-18:42:20,24.5,92.9236,72.3905,16.0094,29.8296,64.0,63.07998
2019-04-02-18:42:25,24.5,92.9391,72.4179,15.9918,29.8296,64.0,63.07998
2019-04-02-18:42:30,24.5,92.9667,72.4556,16.0141,29.8296,64.0,63.07998
2019-04-02-18:42:35,24.5,92.9571,72.4744,16.0141,29.8296,64.0,63.07998
2019-04-02-18:42:40,24.5,92.9161,72.3867,16.0141,29.8296,64.0,63.07998
2019-04-02-18:42:45,24.5,93.0656,72.3026,15.9948,29.8296,64.0,63.07998
2019-04-02-18:42:50,24.5,93.0656,72.457,16.0174,29.8296,64.0,63.07998
2019-04-02-18:42:55,24.5,92.9547,72.269,16.0174,29.8296,64.0,63.07998
2019-04-02-18:43:00,24.5,92.9547,72.3713,16.0038,29.8296,64.0,63.07998
2019-04-02-18:43:05,24.5,92.9547,72.2571,15.9937,29.8296,64.0,63.07998
2019-04-02-18:43:10,24.5,92.9417,72.065,15.9937,29.8296,64.0,63.07998
2019-04-02-18:43:15,24.5,92.9417,72.2623,16.0096,29.8296,64.0,63.07998
2019-04-02-18:43:20,24.5,92.8952,72.2623,15.9903,29.8296,64.0,63.07998
2019-04-02-18:43:25,24.5,92.9124,72.2623,15.9903,29.8296,64.0,63.07998
2019-04-02-18:43:30,24.5,93.0501,72.3155,15.9903,29.8296,64.0,63.07998
2019-04-02-18:43:35,24.5,93.0853,72.2554,16.0043,29.8296,64.0,63.07998
2019-04-02-18:43:40,24.5,93.0862,71.9836,15.992,29.8296,64.0,63.07998
2019-04-02-18:43:45,24.5,93.0503,72.1673,15.992,29.8296,64.0,63.07998
2019-04-02-18:43:50,24.5,92.938,72.117,16.0086,29.8296,64.0,63.07998
2019-04-02-18:43:55,24.5,92.7931,72.2238,15.9941,29.8296,64.0,63.07998
2019-04-02-18:44:00,24.5,92.9623,72.2404,15.9941,29.8296,64.0,63.07998
2019-04-02-18:44:05,24.5,92.8779,72.2931,16.0124,29.8296,64.0,63.07998
2019-04-02-18:44:10,24.5,92.9122,72.4293,16.0018,29.8296,64.0,63.07998
2019-04-02-18:44:15,24.5,93.1166,71.9837,16.0018,29.8296,64.0,63.07998
2019-04-02-18:44:20,24.5,93.027,71.9571,16.0131,29.8296,64.0,63.07998
2019-04-02-18:44:25,24.5,92.9906,71.9847,15.993,29.8296,64.0,63.07998
2019-04-02-18:44:30,24.5,92.9888,72.0677,15.993,29.8296,64.0,63.07998
2019-04-02-18:44:35,24.5,92.8142,72.055,15.993,29.8296,64.0,63.07998
2019-04-02-18:44:40,24.5,92.8436,72.0141,16.0099,29.8296,64.0,63.07998
2019-04-02-18:44:45,24.5,92.956,72.159,15.9943,29.8296,64.0,63.07998
2019-04-02-18:44:50,24.5,92.8366,72.1367,15.9943,29.8296,64.0,63.07998
2019-04-02-18:44:55,24.5,92.7628,72.1163,16.0172,29.8296,64.0,63.07998
2019-04-02-18:45:00,24.5,92.7268,72.0805,16.0047,29.8296,64.0,63.07998
2019-04-02-18:45:05,24.5,92.8858,71.9761,16.0047,29.8296,64.0,63.07998
2019-04-02-18:45:10,24.5,92.764,72.0131,15.989,29.8296,64.0,63.07998
2019-04-02-18:45:15,24.5,92.8079,72.1489,16.0075,29.8296,64.0,63.07998
2019-04-02-18:45:20,24.5,92.7575,72.0299,16.0075,29.8296,64.0,63.07998
2019-04-02-18:45:25,24.5,92.9177,72.1624,15.9842,29.8296,64.0,63.07998
2019-04-02-18:45:30,24.5,92.7086,71.9178,15.9842,29.8296,64.0,63.07998
2019-04-02-18:45:35,24.5,92.7795,71.9178,15.9842,29.8296,64.0,63.07998
2019-04-02-18:45:40,24.5,92.7795,71.9438,16.002,29.8296,64.0,63.07998
2019-04-02-18:45:45,24.5,92.7931,71.9256,16.0131,29.8296,64.0,63.07998
2019-04-02-18:45:50,24.5,92.8333,72.0948,16.0131,29.8296,64.0,63.07998
2019-04-02-18:45:55,24.5,92.9429,71.9258,15.9903,29.8296,64.0,63.07998
2019-04-02-18:46:00,24.5,92.84,71.9056,16.0017,29.8296,64.0,63.07998
2019-04-02-18:46:05,24.5,92.8631,71.9146,15.9891,29.8296,64.0,63.07998
2019-04-02-18:46:10,24.5,92.7289,71.9337,15.9891,29.8296,64.0,63.07998
2019-04-02-18:46:15,24.5,92.5957,71.9766,16.0068,29.8296,64.0,63.07998
2019-04-02-18:46:20,24.5,92.5957,71.9766,15.99,29.8296,64.0,63.07998
2019-04-02-18:46:25,24.5,92.6165,71.9766,15.99,29.8296,64.0,63.07998
2019-04-02-18:46:30,24.5,92.6165,72.12,16.003,29.8296,64.0,63.07998
2019-04-02-18:46:35,24.5,92.5839,71.9999,15.9795,29.8296,64.0,63.07998
2019-04-02-18:46:40,24.5,92.7356,71.9999,15.9795,29.8296,64.0,63.07998
2019-04-02-18:46:45,24.5,92.7059,71.9999,15.991,29.8296,64.0,63.07998
2019-04-02-18:46:50,24.5,92.7616,71.9999,16.0011,29.8296,64.0,63.07998
2019-04-02-18:46:55,24.5,92.7845,71.9999,16.0011,29.8296,64.0,63.07998
2019-04-02-18:47:00,24.5,92.6789,72.0756,16.0113,29.8296,64.0,63.07998
2019-04-02-18:47:05,24.5,92.5714,72.1072,15.9911,29.8296,64.0,63.07998
2019-04-02-18:47:10,24.5,92.7361,72.0177,15.9911,29.8296,64.0,63.07998
2019-04-02-18:47:15,24.5,92.5987,72.2674,16.0019,29.8296,64.0,63.07998
2019-04-02-18:47:20,24.5,92.5987,71.9426,16.0019,29.8296,64.0,63.07998
2019-04-02-18:47:25,24.5,92.5987,71.9426,15.9881,29.8296,64.0,63.07998
2019-04-02-18:47:30,24.5,92.5987,71.8451,15.9881,29.8296,64.0,63.07998
2019-04-02-18:47:35,24.5,92.559,71.9754,16.01,29.8296,64.0,63.07998
2019-04-02-18:47:40,24.5,92.559,72.1871,15.9992,29.8296,64.0,63.07998
2019-04-02-18:47:45,24.5,92.3194,71.9626,15.9992,29.8296,64.0,63.07998
2019-04-02-18:47:50,24.5,92.6311,71.9626,15.988,29.8296,64.0,63.07998
2019-04-02-18:47:55,24.5,92.6467,71.9003,16.0028,29.8296,64.0,63.07998
2019-04-02-18:48:00,24.5,92.5245,71.8749,16.0028,29.8296,64.0,63.07998
2019-04-02-18:48:05,24.5,92.5481,71.8942,16.0144,29.8296,64.0,63.07998
2019-04-02-18:48:10,24.5,92.5776,71.9178,15.9956,29.8296,64.0,63.07998
2019-04-02-18:48:15,24.5,92.5548,71.9126,15.9956,29.8296,64.0,63.07998
2019-04-02-18:48:20,24.5,92.6791,71.8172,15.9956,29.8296,64.0,63.07998
2019-04-02-18:48:25,24.5,92.7311,71.6816,15.9823,29.8296,64.0,63.07998
2019-04-02-18:48:30,24.5,92.5409,71.8753,16.0036,29.8296,64.0,63.07998
2019-04-02-18:48:35,24.5,92.5409,71.8144,16.0036,29.8296,64.0,63.07998
2019-04-02-18:48:40,24.5,92.5393,71.7019,15.9906,29.8296,64.0,63.07998
2019-04-02-18:48:45,24.5,92.3389,71.5811,16.0125,29.8296,64.0,63.07998
2019-04-02-18:48:50,24.5,92.6419,71.8679,16.0125,29.8296,64.0,63.07998
2019-04-02-18:48:55,24.5,92.5585,71.8371,15.9992,29.8296,64.0,63.07998
2019-04-02-18:49:00,24.5,92.6108,71.8331,15.9992,29.8296,64.0,63.07998
2019-04-02-18:49:05,24.5,92.6051,71.8578,15.9992,29.8296,64.0,63.07998
2019-04-02-18:49:10,24.5,92.6051,71.5707,15.9992,29.8296,64.0,63.07998
2019-04-02-18:49:15,24.5,92.6051,71.56,15.9814,29.8296,64.0,63.07998
2019-04-02-18:49:20,24.5,92.5283,71.7996,15.9814,29.8296,64.0,63.07998
2019-04-02-18:49:25,24.5,92.4747,71.7802,15.9919,29.8296,64.0,63.07998
2019-04-02-18:49:30,24.5,92.6397,71.927,15.9919,29.8296,64.0,63.07998
2019-04-02-18:49:35,24.5,92.4872,71.6402,16.0076,29.8296,64.0,63.07998
2019-04-02-18:49:40,24.5,92.4389,71.6238,16.0076,29.8296,64.0,63.07998
2019-04-02-18:49:45,24.5,92.4475,71.6478,15.9946,29.8296,64.0,63.07998
2019-04-02-18:49:50,24.5,92.5498,71.6918,16.0113,29.8296,64.0,63.07998
2019-04-02-18:49:55,24.5,92.3066,71.5785,16.0113,29.8296,64.0,63.07998
2019-04-02-18:50:00,24.5,92.332,71.6326,15.9981,29.8296,64.0,63.07998
2019-04-02-18:50:05,24.5,92.2996,71.8193,15.9878,29.8296,64.0,63.07998
2019-04-02-18:50:10,24.5,92.4251,71.596,15.9878,29.8296,64.0,63.07998
2019-04-02-18:50:15,24.5,92.2773,71.5506,15.9878,29.8296,64.0,63.07998
2019-04-02-18:50:20,24.5,92.5356,71.5436,16.0032,29.8296,64.0,63.07998
2019-04-02-18:50:25,24.5,92.4691,71.5561,16.0032,29.8296,64.0,63.07998
2019-04-02-18:50:30,24.5,92.3312,71.5867,15.9928,29.8296,64.0,63.07998
2019-04-02-18:50:35,24.5,92.3731,71.5497,16.0113,29.8296,64.0,63.07998
2019-04-02-18:50:40,24.5,92.2418,71.6897,16.0113,29.8296,64.0,63.07998
2019-04-02-18:50:45,24.5,92.5264,71.5746,15.9913,29.8296,64.0,63.07998
2019-04-02-18:50:50,24.5,92.302,71.5746,15.9913,29.8296,64.0,63.07998
2019-04-02-18:50:55,24.5,92.48,71.5477,16.0018,29.8296,64.0,63.07998
2019-04-02-18:51:00,24.5,92.3026,71.7591,16.0018,29.8296,64.0,63.07998
2019-04-02-18:51:05,24.5,92.1997,71.5413,16.0018,29.8296,64.0,63.07998
2019-04-02-18:51:10,24.5,92.3213,71.5413,15.9901,29.8296,64.0,63.07998
2019-04-02-18:51:15,24.5,92.2996,71.5413,16.0162,29.8296,64.0,63.07998
2019-04-02-18:51:20,24.5,92.2996,71.7925,16.0162,29.8296,64.0,63.07998
2019-04-02-18:51:25,24.5,92.2996,71.5385,15.9997,29.8296,64.0,63.07998
2019-04-02-18:51:30,24.5,92.2996,71.5374,16.0131,29.8296,64.0,63.07998
2019-04-02-18:51:35,24.5,92.2996,71.5308,15.99,29.8296,64.0,63.07998
2019-04-02-18:51:40,24.5,92.2123,71.7345,15.99,29.8296,64.0,63.07998
2019-04-02-18:51:45,24.5,92.4283,71.7015,15.99,29.8296,64.0,63.07998
2019-04-02-18:51:50,24.5,92.3242,71.636,16.0016,29.8296,64.0,63.07998
2019-04-02-18:51:55,24.5,92.2469,71.5296,16.0016,29.8296,64.0,63.07998
2019-04-02-18:52:00,24.5,92.2469,71.363,16.0016,29.8296,64.0,63.07998
2019-04-02-18:52:05,24.5,92.2109,71.6167,15.9888,29.8296,64.0,63.07998
2019-04-02-18:52:10,24.5,92.2184,71.6606,15.9993,29.8296,64.0,63.07998
2019-04-02-18:52:15,24.5,92.2184,71.5232,15.9993,29.8296,64.0,63.07998
2019-04-02-18:52:20,24.5,92.2485,71.5232,15.9993,29.8296,64.0,63.07998
2019-04-02-18:52:25,24.5,92.2485,71.5232,15.989,29.8296,64.0,63.07998
2019-04-02-18:52:30,24.5,92.2827,71.6076,15.989,29.8296,64.0,63.07998
2019-04-02-18:52:35,24.5,92.1869,71.6238,16.0081,29.8296,64.0,63.07998
2019-04-02-18:52:40,24.5,92.289,71.6875,15.9974,29.8296,64.0,63.07998
2019-04-02-18:52:45,24.5,92.2104,71.4467,16.0125,29.8296,64.0,63.07998
2019-04-02-18:52:50,24.5,92.1392,71.4589,16.0125,29.8296,64.0,63.07998
2019-04-02-18:52:55,24.5,92.1017,71.2658,15.9839,29.8296,64.0,63.07998
2019-04-02-18:53:00,24.5,92.2123,71.605,15.9946,29.8296,64.0,63.07998
2019-04-02-18:53:05,24.5,92.3007,71.3031,15.9946,29.8296,64.0,63.07998
2019-04-02-18:53:10,24.5,92.2951,71.252,16.0066,29.8296,64.0,63.07998
2019-04-02-18:53:15,24.5,92.1632,71.4383,15.9891,29.8296,64.0,63.07998
2019-04-02-18:53:20,24.5,92.1281,71.2485,15.9891,29.8296,64.0,63.07998
2019-04-02-18:53:25,24.5,92.2597,71.1679,15.9891,29.8296,64.0,63.07998
2019-04-02-18:53:30,24.5,92.1793,71.2446,16.0005,29.8296,64.0,63.07998
2019-04-02-18:53:35,24.5,92.1793,71.1978,16.0005,29.8296,64.0,63.07998
2019-04-02-18:53:40,24.5,92.2365,71.4722,15.9887,29.8296,64.0,63.07998
2019-04-02-18:53:45,24.5,92.2731,71.4915,16.0079,29.8296,64.0,63.07998
2019-04-02-18:53:50,24.5,92.3194,71.4628,16.0079,29.8296,64.0,63.07998
2019-04-02-18:53:55,24.5,92.3659,71.2902,15.9959,29.8296,64.0,63.07998
2019-04-02-18:54:00,24.5,92.1493,71.371,16.008,29.8296,64.0,63.07998
2019-04-02-18:54:05,24.5,92.1326,71.4029,15.9858,29.8296,64.0,63.07998
2019-04-02-18:54:10,24.5,91.9776,71.5472,15.9858,29.8296,64.0,63.07998
2019-04-02-18:54:15,24.5,92.1361,71.1765,15.9981,29.8296,64.0,63.07998
2019-04-02-18:54:20,24.5,92.0565,71.4276,15.9981,29.8296,64.0,63.07998
2019-04-02-18:54:25,24.5,92.1253,71.2659,16.0087,29.8296,64.0,63.07998
2019-04-02-18:54:30,24.5,91.9332,71.2507,15.991,29.8296,64.0,63.07998
2019-04-02-18:54:35,24.5,92.0158,71.2507,15.991,29.8296,64.0,63.07998
2019-04-02-18:54:40,24.5,92.148,71.2507,15.991,29.8296,64.0,63.07998
2019-04-02-18:54:45,24.5,92.148,71.3656,16.0063,29.8296,64.0,63.07998
2019-04-02-18:54:50,24.5,92.0933,71.3027,15.9918,29.8296,64.0,63.07998
2019-04-02-18:54:55,24.5,91.9565,71.3465,15.9918,29.8296,64.0,63.07998
2019-04-02-18:55:00,24.5,91.8415,71.3609,16.0081,29.8296,64.0,63.07998
2019-04-02-18:55:05,24.5,91.9599,71.2729,16.0081,29.8296,64.0,63.07998
2019-04-02-18:55:10,24.5,91.8624,71.1925,15.9979,29.8296,64.0,63.07998
2019-04-02-18:55:15,24.5,91.8404,71.2126,15.9979,29.8296,64.0,63.07998
2019-04-02-18:55:20,24.5,91.9138,71.3651,16.0087,29.8296,64.0,63.07998
2019-04-02-18:55:25,24.5,91.8676,71.2643,15.9916,29.8296,64.0,63.07998
2019-04-02-18:55:30,24.5,91.8196,71.1709,15.9916,29.8296,64.0,63.07998
2019-04-02-18:55:35,24.5,91.86,71.1805,16.0032,29.8296,64.0,63.07998
2019-04-02-18:55:40,24.5,92.0369,71.2384,15.9869,29.8296,64.0,63.07998
2019-04-02-18:55:45,24.5,91.9039,71.2384,16.008,29.8296,64.0,63.07998
2019-04-02-18:55:50,24.5,92.0338,71.1707,16.008,29.8296,64.0,63.07998
2019-04-02-18:55:55,24.5,91.8877,71.1668,15.996,29.8296,64.0,63.07998
2019-04-02-18:56:00,24.5,92.0497,71.1678,16.0124,29.8296,64.0,63.07998
2019-04-02-18:56:05,24.5,91.9385,71.1322,16.0124,29.8296,64.0,63.07998
2019-04-02-18:56:10,24.5,91.9836,71.1784,15.9995,29.8296,64.0,63.07998
2019-04-02-18:56:15,24.5,92.237,71.2108,15.9995,29.8296,64.0,63.07998
2019-04-02-18:56:20,24.5,91.8312,71.2046,15.9995,29.8296,64.0,63.07998
2019-04-02-18:56:25,24.5,91.9518,71.2315,15.982,29.8296,64.0,63.07998
2019-04-02-18:56:30,24.5,92.0753,71.1836,15.9925,29.8296,64.0,63.07998
2019-04-02-18:56:35,24.5,91.8258,71.1784,16.004,29.8296,64.0,63.07998
2019-04-02-18:56:40,24.5,91.8258,71.1784,16.004,29.8296,64.0,63.07998
2019-04-02-18:56:45,24.5,91.8258,71.3482,15.9939,29.8296,64.0,63.07998
2019-04-02-18:56:50,24.5,91.8258,71.1351,15.9939,29.8296,64.0,63.07998
2019-04-02-18:56:55,24.5,91.8258,71.3336,16.0199,29.8296,64.0,63.07998
2019-04-02-18:57:00,24.5,91.8073,71.3152,16.0199,29.8296,64.0,63.07998
2019-04-02-18:57:05,24.5,91.8073,71.2535,16.008,29.8296,64.0,63.07998
2019-04-02-18:57:10,24.5,91.8159,71.2561,15.9942,29.8296,64.0,63.07998
2019-04-02-18:57:15,24.5,91.8035,71.0106,15.9942,29.8296,64.0,63.07998
2019-04-02-18:57:20,24.5,91.8007,71.1817,16.0104,29.8296,64.0,63.07998
2019-04-02-18:57:25,24.5,91.7897,70.9974,16.0104,29.8296,64.0,63.07998
2019-04-02-18:57:30,24.5,91.8065,71.1442,16.0003,29.8296,64.0,63.07998
2019-04-02-18:57:35,24.5,91.8062,70.8485,16.0119,29.8296,64.0,63.07998
2019-04-02-18:57:40,24.5,91.7992,71.254,15.9937,29.8296,64.0,63.07998
2019-04-02-18:57:45,24.5,91.7992,71.251,15.9937,29.8296,64.0,63.07998
2019-04-02-18:57:50,24.5,91.7992,71.1231,16.0064,29.8296,64.0,63.07998
2019-04-02-18:57:55,24.5,91.9836,71.029,15.9902,29.8296,64.0,63.07998
2019-04-02-18:58:00,24.5,91.7785,71.0395,16.0062,29.8296,64.0,63.07998
2019-04-02-18:58:05,24.5,91.5995,71.101,16.0062,29.8296,64.0,63.07998
2019-04-02-18:58:10,24.5,91.7496,70.8723,15.9951,29.8296,64.0,63.07998
2019-04-02-18:58:15,24.5,91.7139,70.9678,16.0112,29.8296,64.0,63.07998
2019-04-02-18:58:20,24.5,91.8924,70.79,16.0112,29.8296,64.0,63.07998
2019-04-02-18:58:25,24.5,91.9146,70.7815,15.9898,29.8296,64.0,63.07998
2019-04-02-18:58:30,24.5,91.9164,70.8079,15.9898,29.8296,64.0,63.07998
2019-04-02-18:58:35,24.5,91.7688,71.0341,15.9898,29.8296,64.0,63.07998
2019-04-02-18:58:40,24.5,91.7688,70.8545,16.0066,29.8296,64.0,63.07998
2019-04-02-18:58:45,24.5,91.9232,71.1658,15.9868,29.8296,64.0,63.07998
2019-04-02-18:58:50,24.5,91.8118,70.8509,15.9868,29.8296,64.0,63.07998
2019-04-02-18:58:55,24.5,91.8118,70.7826,15.9983,29.8296,64.0,63.07998
2019-04-02-18:59:00,24.5,91.7589,70.8496,15.9983,29.8296,64.0,63.07998
2019-04-02-18:59:05,24.5,91.7641,70.8496,15.9983,29.8296,64.0,63.07998
2019-04-02-18:59:10,24.5,91.8365,70.8496,15.9873,29.8296,64.0,63.07998
2019-04-02-18:59:15,24.5,91.723,70.8821,16.0074,29.8296,64.0,63.07998
2019-04-02-18:59:20,24.5,91.5499,71.0985,15.9957,29.8296,64.0,63.07998
2019-04-02-18:59:25,24.5,91.6818,71.1818,15.9957,29.8296,64.0,63.07998
2019-04-02-18:59:30,24.5,91.7024,70.9793,16.0078,29.8296,64.0,63.07998
2019-04-02-18:59:35,24.5,91.6667,70.957,15.9838,29.8296,64.0,63.07998
2019-04-02-18:59:40,24.5,91.6354,70.9834,15.9838,29.8296,64.0,63.07998
2019-04-02-18:59:45,24.5,91.7318,70.8987,15.9952,29.8296,64.0,63.07998
2019-04-02-18:59:50,24.5,91.516,70.864,16.0053,29.8296,64.0,63.07998
2019-04-02-18:59:55,24.5,91.6754,70.8536,16.0053,29.8296,64.0,63.07998
2019-04-02-19:00:00,24.5,91.4827,70.797,15.9847,29.8296,64.0,63.07998
2019-04-02-19:00:05,24.5,91.5236,70.797,15.9948,29.8296,64.0,63.07998
2019-04-02-19:00:10,24.5,91.6796,70.797,15.9948,29.8296,64.0,63.07998
2019-04-02-19:00:15,24.5,91.6584,70.797,15.9948,29.8296,64.0,63.07998
2019-04-02-19:00:20,24.5,91.4373,70.797,16.006,29.8296,64.0,63.07998
2019-04-02-19:00:25,24.5,91.6454,70.797,15.9887,29.8296,64.0,63.07998
2019-04-02-19:00:30,24.5,91.5137,70.7925,16.0074,29.8296,64.0,63.07998
2019-04-02-19:00:35,24.5,91.4861,70.7735,15.9966,29.8296,64.0,63.07998
2019-04-02-19:00:40,24.5,91.5757,70.9762,15.9966,29.8296,64.0,63.07998
2019-04-02-19:00:45,24.5,91.808,70.7816,16.0111,29.8296,64.0,63.07998
2019-04-02-19:00:50,24.5,91.8374,70.7899,16.0111,29.8296,64.0,63.07998
2019-04-02-19:00:55,24.5,91.6475,70.7899,15.9905,29.8296,64.0,63.07998
2019-04-02-19:01:00,24.5,91.6261,70.7966,15.9905,29.8296,64.0,63.07998
2019-04-02-19:01:05,24.5,91.5887,70.7966,15.9905,29.8296,64.0,63.07998
2019-04-02-19:01:10,24.5,91.5469,70.7966,16.0013,29.8296,64.0,63.07998
2019-04-02-19:01:15,24.5,91.5469,70.781,16.0013,29.8296,64.0,63.07998
2019-04-02-19:01:20,24.5,91.5426,70.781,16.0013,29.8296,64.0,63.07998
2019-04-02-19:01:25,24.5,91.5426,70.7815,15.9902,29.8296,64.0,63.07998
2019-04-02-19:01:30,24.5,91.5426,70.806,16.0172,29.8296,64.0,63.07998
2019-04-02-19:01:35,24.5,91.4396,70.7548,16.0172,29.8296,64.0,63.07998
2019-04-02-19:01:40,24.5,91.4396,70.8781,16.0044,29.8296,64.0,63.07998
2019-04-02-19:01:45,24.5,91.6393,70.941,15.9909,29.8296,64.0,63.07998
2019-04-02-19:01:50,24.5,91.4268,70.6339,16.009,29.8296,64.0,63.07998
2019-04-02-19:01:55,24.5,91.4365,70.8077,16.009,29.8296,64.0,63.07998
2019-04-02-19:02:00,24.5,91.4456,70.8617,16.009,29.8296,64.0,63.07998
2019-04-02-19:02:05,24.5,91.4368,70.7753,15.9946,29.8296,64.0,63.07998
2019-04-02-19:02:10,24.5,91.4241,70.6913,15.9946,29.8296,64.0,63.07998
2019-04-02-19:02:15,24.5,91.4463,70.7917,16.0113,29.8296,64.0,63.07998
2019-04-02-19:02:20,24.5,91.2903,70.7917,15.9858,29.8296,64.0,63.07998
2019-04-02-19:02:25,24.5,91.5053,70.5754,15.9858,29.8296,64.0,63.07998
2019-04-02-19:02:30,24.5,91.5053,70.7595,15.9986,29.8296,64.0,63.07998
2019-04-02-19:02:35,24.5,91.5053,70.7595,16.0092,29.8296,64.0,63.07998
2019-04-02-19:02:40,24.5,91.4037,70.5193,16.0092,29.8296,64.0,63.07998
2019-04-02-19:02:45,24.5,91.401,70.4695,15.9866,29.8296,64.0,63.07998
2019-04-02-19:02:50,24.5,91.3522,70.4508,16.0111,29.8296,64.0,63.07998
2019-04-02-19:02:55,24.5,91.1993,70.4769,16.0111,29.8296,64.0,63.07998
2019-04-02-19:03:00,24.5,91.4083,70.6034,15.9979,29.8296,64.0,63.07998
2019-04-02-19:03:05,24.5,91.3274,70.7085,16.0218,29.8296,64.0,63.07998
2019-04-02-19:03:10,24.5,91.6184,70.4612,16.0218,29.8296,64.0,63.07998
2019-04-02-19:03:15,24.5,91.5999,70.4728,16.0109,29.8296,64.0,63.07998
2019-04-02-19:03:20,24.5,91.5923,70.5185,16.0109,29.8296,64.0,63.07998
2019-04-02-19:03:25,24.5,91.5207,70.725,16.0006,29.8296,64.0,63.07998
2019-04-02-19:03:30,24.5,91.4086,70.4823,16.0006,29.8296,64.0,63.07998
2019-04-02-19:03:35,24.5,91.2359,70.4823,16.0006,29.8296,64.0,63.07998
2019-04-02-19:03:40,24.5,91.504,70.6224,15.9881,29.8296,64.0,63.07998
2019-04-02-19:03:45,24.5,91.4892,70.4324,15.9985,29.8296,64.0,63.07998
2019-04-02-19:03:50,24.5,91.3856,70.4321,15.9985,29.8296,64.0,63.07998
2019-04-02-19:03:55,24.5,91.4518,70.5883,16.0087,29.8296,64.0,63.07998
2019-04-02-19:04:00,24.5,91.4001,70.6497,15.9908,29.8296,64.0,63.07998
2019-04-02-19:04:05,24.5,91.3563,70.6508,15.9908,29.8296,64.0,63.07998
2019-04-02-19:04:10,24.5,91.1218,70.6011,16.0153,29.8296,64.0,63.07998
2019-04-02-19:04:15,24.5,91.3371,70.6107,16.0002,29.8296,64.0,63.07998
2019-04-02-19:04:20,24.5,91.2712,70.4608,16.0002,29.8296,64.0,63.07998
2019-04-02-19:04:25,24.5,91.1193,70.4754,15.9895,29.8296,64.0,63.07998
2019-04-02-19:04:30,24.5,91.1099,70.4275,16.0063,29.8296,64.0,63.07998
2019-04-02-19:04:35,24.5,91.1105,70.4304,15.976,29.8296,64.0,63.07998
2019-04-02-19:04:40,24.5,91.0884,70.4304,15.976,29.8296,64.0,63.07998
2019-04-02-19:04:45,24.5,91.4006,70.4304,15.996,29.8296,64.0,63.07998
2019-04-02-19:04:50,24.5,91.3598,70.4304,15.996,29.8296,64.0,63.07998
2019-04-02-19:04:55,24.5,91.3932,70.4308,16.0062,29.8296,64.0,63.07998
2019-04-02-19:05:00,24.5,91.1864,70.4308,15.9871,29.8296,64.0,63.07998
2019-04-02-19:05:05,24.5,91.1864,70.4368,15.9871,29.8296,64.0,63.07998
2019-04-02-19:05:10,24.5,91.0829,70.4157,15.9871,29.8296,64.0,63.07998
2019-04-02-19:05:15,24.5,91.0859,70.4208,16.0028,29.8296,64.0,63.07998
2019-04-02-19:05:20,24.5,91.0842,70.4515,15.99,29.8296,64.0,63.07998
2019-04-02-19:05:25,24.5,91.07,70.4594,15.99,29.8296,64.0,63.07998
2019-04-02-19:05:30,24.5,91.293,70.4678,16.0113,29.8296,64.0,63.07998
2019-04-02-19:05:35,24.5,91.2751,70.4153,16.0003,29.8296,64.0,63.07998
2019-04-02-19:05:40,24.5,91.2138,70.4572,15.9894,29.8296,64.0,63.07998
2019-04-02-19:05:45,24.5,91.1296,70.2881,15.9894,29.8296,64.0,63.07998
2019-04-02-19:05:50,24.5,91.347,70.4447,16.005,29.8296,64.0,63.07998
2019-04-02-19:05:55,24.5,91.1275,70.4544,15.9798,29.8296,64.0,63.07998
2019-04-02-19:06:00,24.5,91.1275,70.4247,15.9798,29.8296,64.0,63.07998
2019-04-02-19:06:05,24.5,91.1654,70.4166,15.9938,29.8296,64.0,63.07998
2019-04-02-19:06:10,24.5,91.2474,70.4326,16.0055,29.8296,64.0,63.07998
2019-04-02-19:06:15,24.5,91.0801,70.4018,16.0055,29.8296,64.0,63.07998
2019-04-02-19:06:20,24.5,91.1369,70.5705,15.9848,29.8296,64.0,63.07998
2019-04-02-19:06:25,24.5,91.1369,70.5989,15.9848,29.8296,64.0,63.07998
2019-04-02-19:06:30,24.5,91.1369,70.7236,15.996,29.8296,64.0,63.07998
2019-04-02-19:06:35,24.5,91.0542,70.4274,15.996,29.8296,64.0,63.07998
2019-04-02-19:06:40,24.5,91.0774,70.1946,15.996,29.8296,64.0,63.07998
2019-04-02-19:06:45,24.5,91.0643,70.1952,16.0083,29.8296,64.0,63.07998
2019-04-02-19:06:50,24.5,91.0632,70.2098,15.9937,29.8296,64.0,63.07998
2019-04-02-19:06:55,24.5,91.1024,70.1286,16.0108,29.8296,64.0,63.07998
