Date,CPID:CM03:3001:JT:CV_VALUE,CLL:CM03:2301:DS:LVL,CLL:CM03:2601:US:LVL,ACCL:L1B:0320:GACT,CPT:CM03:2302:DS:PRESS,Electric Heat Load Setpoint,Electric Heat Load Readback
2019-04-04-17:34:00,24.8,95.7517,74.8905,0,29.5335,64.0,64.75593
2019-04-04-17:34:05,24.8,95.5859,74.7675,0,29.6347,64.0,64.75593
2019-04-04-17:34:10,24.8,95.5844,74.6707,0,29.6347,64.0,64.75593
2019-04-04-17:34:15,24.8,95.7363,74.6707,0,29.6347,64.0,64.75593
2019-04-04-17:34:20,24.8,95.566,74.6209,0,29.6347,64.0,64.75593
2019-04-04-17:34:25,24.8,95.582,74.7118,0,29.6347,64.0,64.75593
2019-04-04-17:34:30,24.8,95.5756,74.7517,0,29.6347,64.0,64.75593
2019-04-04-17:34:35,24.8,95.569,74.5968,0,29.6347,64.0,64.75593
2019-04-04-17:34:40,24.8,95.7646,74.6289,0,29.6347,64.0,64.75593
2019-04-04-17:34:45,24.8,95.5542,74.6747,0,29.6347,64.0,64.75593
2019-04-04-17:34:50,24.8,95.5798,74.7356,0,29.6347,64.0,64.75593
2019-04-04-17:34:55,24.8,95.5798,74.6541,0,29.6347,64.0,64.75593
2019-04-04-17:35:00,24.8,95.5798,74.6488,0,29.6347,64.0,64.75593
2019-04-04-17:35:05,24.8,95.4571,74.6488,0,29.6347,64.0,64.75593
2019-04-04-17:35:10,24.8,95.7135,74.8142,0,29.736,64.0,64.75593
2019-04-04-17:35:15,24.8,95.9452,74.6596,0,29.736,64.0,64.75593
2019-04-04-17:35:20,24.8,95.685,74.6596,0,29.736,64.0,64.75593
2019-04-04-17:35:25,24.8,95.6972,74.7255,0,29.736,64.0,64.75593
2019-04-04-17:35:30,24.8,95.664,74.8108,0,29.736,64.0,64.75593
2019-04-04-17:35:35,24.8,95.6174,74.6868,0,29.736,64.0,64.75593
2019-04-04-17:35:40,24.8,95.6174,74.5981,0,29.736,64.0,64.75593
2019-04-04-17:35:45,24.8,95.6251,74.5615,0,29.736,64.0,64.75593
2019-04-04-17:35:50,24.8,95.6182,74.5646,0,29.736,64.0,64.75593
2019-04-04-17:35:55,24.8,95.4809,74.5757,0,29.736,64.0,64.75593
2019-04-04-17:36:00,24.8,95.309,74.5926,0,29.736,64.0,64.75593
2019-04-04-17:36:05,24.8,95.5671,74.5926,0,29.736,64.0,64.75593
2019-04-04-17:36:10,24.8,95.5671,74.5926,0,29.736,64.0,64.75593
2019-04-04-17:36:15,24.8,95.5275,74.5926,0,29.736,64.0,64.75593
2019-04-04-17:36:20,24.8,95.535,74.546,0,29.736,64.0,64.75593
2019-04-04-17:36:25,24.8,95.5006,74.5667,0,29.736,64.0,64.75593
2019-04-04-17:36:30,24.8,95.2968,74.5667,0,29.736,64.0,64.75593
2019-04-04-17:36:35,24.8,95.564,74.5477,0,29.736,64.0,64.75593
2019-04-04-17:36:40,24.8,95.6449,74.5167,0,29.736,64.0,64.75593
2019-04-04-17:36:45,24.8,95.2572,74.6415,0,29.8361,64.0,64.75593
2019-04-04-17:36:50,24.8,95.2436,74.6415,0,29.8361,64.0,64.75593
2019-04-04-17:36:55,24.8,95.5461,74.6415,0,29.8361,64.0,64.75593
2019-04-04-17:37:00,24.8,95.5422,74.5336,0,29.8361,64.0,64.75593
2019-04-04-17:37:05,24.8,95.4422,74.6662,0,29.8361,64.0,64.75593
2019-04-04-17:37:10,24.8,95.477,74.4112,0,29.8361,64.0,64.75593
2019-04-04-17:37:15,24.8,95.2159,74.5691,0,29.8361,64.0,64.75593
2019-04-04-17:37:20,24.8,95.3183,74.4007,0,29.8361,64.0,64.75593
2019-04-04-17:37:25,24.8,95.4165,74.5439,0,29.8361,64.0,64.75593
2019-04-04-17:37:30,24.8,95.196,74.5471,0,29.8361,64.0,64.75593
2019-04-04-17:37:35,24.8,95.4319,74.3153,0,29.8361,64.0,64.75593
2019-04-04-17:37:40,24.8,95.5883,74.6531,0,29.8361,64.0,64.75593
2019-04-04-17:37:45,24.8,95.599,74.3372,0,29.8361,64.0,64.75593
2019-04-04-17:37:50,24.8,95.2534,74.4911,0,29.8361,64.0,64.75593
2019-04-04-17:37:55,24.8,95.2266,74.6328,0,29.8361,64.0,64.75593
2019-04-04-17:38:00,24.8,95.5788,74.3522,0,29.8361,64.0,64.75593
2019-04-04-17:38:05,24.8,95.2075,74.5499,0,29.8361,64.0,64.75593
2019-04-04-17:38:10,24.8,95.1925,74.437,0,29.8361,64.0,64.75593
2019-04-04-17:38:15,24.8,95.4143,74.5936,0,29.8361,64.0,64.75593
2019-04-04-17:38:20,24.8,95.196,74.4375,0,29.8361,64.0,64.75593
2019-04-04-17:38:25,24.8,95.406,74.2781,0,29.8361,64.0,64.75593
2019-04-04-17:38:30,24.8,95.4064,74.445,0,29.8361,64.0,64.75593
2019-04-04-17:38:35,24.8,95.5336,74.4439,0,29.8361,64.0,64.75593
2019-04-04-17:38:40,24.8,95.1943,74.2379,0,29.8361,64.0,64.75593
2019-04-04-17:38:45,24.8,95.1971,74.3005,0,29.8361,64.0,64.75593
2019-04-04-17:38:50,24.8,95.2081,74.4278,0,29.8361,64.0,64.75593
2019-04-04-17:38:55,24.8,95.2029,74.2161,0,29.8361,64.0,64.75593
2019-04-04-17:39:00,24.8,95.2029,74.2114,0,29.8361,64.0,64.75593
2019-04-04-17:39:05,24.8,95.2029,74.2114,0,29.8361,64.0,64.75593
2019-04-04-17:39:10,24.8,95.0602,74.1971,0,29.8361,64.0,64.75593
2019-04-04-17:39:15,24.8,95.2743,74.3603,0,29.8361,64.0,64.75593
2019-04-04-17:39:20,24.8,95.1738,74.2825,0,29.8361,64.0,64.75593
2019-04-04-17:39:25,24.8,95.0606,74.2825,0,29.8361,64.0,64.75593
2019-04-04-17:39:30,24.8,95.1917,74.2869,0,29.8361,64.0,64.75593
2019-04-04-17:39:35,24.8,95.1657,74.2858,0,29.8361,64.0,64.75593
2019-04-04-17:39:40,24.8,95.1657,74.2858,0,29.8361,64.0,64.75593
2019-04-04-17:39:45,24.8,95.2213,74.2858,0,29.8361,64.0,64.75593
2019-04-04-17:39:50,24.8,94.8935,74.1669,0,29.8361,64.0,64.75593
2019-04-04-17:39:55,24.8,95.5412,74.2729,0,29.8361,64.0,64.75593
2019-04-04-17:40:00,24.8,95.2009,74.4171,0,29.8361,64.0,64.75593
2019-04-04-17:40:05,24.8,95.1675,74.2764,0,29.8361,64.0,64.75593
2019-04-04-17:40:10,24.8,95.1675,74.5315,0,29.8361,64.0,64.75593
2019-04-04-17:40:15,24.8,95.1309,74.3482,0,29.8361,64.0,64.75593
2019-04-04-17:40:20,24.8,94.9804,74.3648,0,29.8361,64.0,64.75593
2019-04-04-17:40:25,24.8,94.905,74.3672,0,29.8361,64.0,64.75593
2019-04-04-17:40:30,24.8,95.064,74.0772,0,29.8361,64.0,64.75593
2019-04-04-17:40:35,24.8,95.0104,74.3366,0,29.8361,64.0,64.75593
2019-04-04-17:40:40,24.8,95.1917,73.9667,0,29.8361,64.0,64.75593
2019-04-04-17:40:45,24.8,95.1598,74.1862,0,29.8361,64.0,64.75593
2019-04-04-17:40:50,24.8,95.0872,74.1961,0,29.8361,64.0,64.75593
2019-04-04-17:40:55,24.8,95.0872,74.1961,0,29.8361,64.0,64.75593
2019-04-04-17:41:00,24.8,94.8623,74.1136,0,29.8361,64.0,64.75593
2019-04-04-17:41:05,24.8,94.9347,74.21,0,29.8361,64.0,64.75593
2019-04-04-17:41:10,24.8,95.1479,74.2097,0,29.8361,64.0,64.75593
2019-04-04-17:41:15,24.8,95.1445,73.9693,0,29.8361,64.0,64.75593
2019-04-04-17:41:20,24.8,94.912,74.1638,0,29.8361,64.0,64.75593
2019-04-04-17:41:25,24.8,95.0736,74.0833,0,29.8361,64.0,64.75593
2019-04-04-17:41:30,24.8,94.792,74.2291,0,29.8361,64.0,64.75593
2019-04-04-17:41:35,24.8,94.9517,73.9833,0,29.8361,64.0,64.75593
2019-04-04-17:41:40,24.8,94.7952,73.9029,0,29.8361,64.0,64.75593
2019-04-04-17:41:45,24.8,94.7952,73.958,0,29.8361,64.0,64.75593
2019-04-04-17:41:50,24.8,94.8359,73.8847,0,29.8361,64.0,64.75593
2019-04-04-17:41:55,24.8,95.0343,74.1484,0,29.8361,64.0,64.75593
2019-04-04-17:42:00,24.8,94.8072,73.924,0,29.8361,64.0,64.75593
2019-04-04-17:42:05,24.8,94.9668,73.924,0,29.8361,64.0,64.75593
2019-04-04-17:42:10,24.8,95.0429,74.0023,0,29.8361,64.0,64.75593
2019-04-04-17:42:15,24.8,94.9919,73.9513,0,29.8361,64.0,64.75593
2019-04-04-17:42:20,24.8,94.9464,74.1148,0,29.8361,64.0,64.75593
2019-04-04-17:42:25,24.8,94.8367,73.9823,0,29.8361,64.0,64.75593
2019-04-04-17:42:30,24.8,94.8834,74.097,0,29.8361,64.0,64.75593
2019-04-04-17:42:35,24.8,94.8834,74.1603,0,29.8361,64.0,64.75593
2019-04-04-17:42:40,24.8,95.071,73.9231,0,29.8361,64.0,64.75593
2019-04-04-17:42:45,24.8,94.7867,74.0226,0,29.8361,64.0,64.75593
2019-04-04-17:42:50,24.8,94.5931,73.813,0,29.8361,64.0,64.75593
2019-04-04-17:42:55,24.8,94.6143,74.0353,0,29.8361,64.0,64.75593
2019-04-04-17:43:00,24.8,94.7927,73.8891,0,29.8361,64.0,64.75593
2019-04-04-17:43:05,24.8,94.8995,73.8834,0,29.8361,64.0,64.75593
2019-04-04-17:43:10,24.8,94.9977,73.8834,0,29.8361,64.0,64.75593
2019-04-04-17:43:15,24.8,94.934,73.8834,0,29.8361,64.0,64.75593
2019-04-04-17:43:20,24.8,94.7936,73.8043,0,29.8361,64.0,64.75593
2019-04-04-17:43:25,24.8,94.6034,73.9265,0,29.8361,64.0,64.75593
2019-04-04-17:43:30,24.8,94.5599,73.8178,0,29.8361,64.0,64.75593
2019-04-04-17:43:35,24.8,94.5354,73.9201,0,29.8361,64.0,64.75593
2019-04-04-17:43:40,24.8,94.8566,73.7971,0,29.8361,64.0,64.75593
2019-04-04-17:43:45,24.8,94.6255,73.864,0,29.8361,64.0,64.75593
2019-04-04-17:43:50,24.8,94.6575,73.7828,0,29.8361,64.0,64.75593
2019-04-04-17:43:55,24.8,94.5214,73.89,0,29.8361,64.0,64.75593
2019-04-04-17:44:00,24.8,94.5578,73.7948,0,29.8361,64.0,64.75593
2019-04-04-17:44:05,24.8,94.7637,73.7948,0,29.8361,64.0,64.75593
2019-04-04-17:44:10,24.8,94.4724,73.8766,0,29.8361,64.0,64.75593
2019-04-04-17:44:15,24.8,94.4678,73.8766,0,29.8361,64.0,64.75593
2019-04-04-17:44:20,24.8,94.4753,73.8766,0,29.8361,64.0,64.75593
2019-04-04-17:44:25,24.8,94.5202,73.7664,0,29.8361,64.0,64.75593
2019-04-04-17:44:30,24.8,94.4648,73.6656,0,29.8361,64.0,64.75593
2019-04-04-17:44:35,24.8,94.572,73.7661,0,29.8361,64.0,64.75593
2019-04-04-17:44:40,24.8,94.5924,73.6893,0,29.8361,64.0,64.75593
2019-04-04-17:44:45,24.8,94.4368,73.7825,0,29.8361,64.0,64.75593
2019-04-04-17:44:50,24.8,94.8144,73.7176,0,29.8361,64.0,64.75593
2019-04-04-17:44:55,24.8,94.5536,73.7649,0,29.8361,64.0,64.75593
2019-04-04-17:45:00,24.8,94.4315,73.9678,0,29.8361,64.0,64.75593
2019-04-04-17:45:05,24.8,94.6906,73.8751,0,29.8361,64.0,64.75593
2019-04-04-17:45:10,24.8,94.7462,73.816,0,29.8361,64.0,64.75593
2019-04-04-17:45:15,24.8,94.7561,73.8203,0,29.8361,64.0,64.75593
2019-04-04-17:45:20,24.8,94.4502,73.76,0,29.8361,64.0,64.75593
2019-04-04-17:45:25,24.8,94.7555,73.76,0,29.8361,64.0,64.75593
2019-04-04-17:45:30,24.8,94.6587,73.8314,0,29.8361,64.0,64.75593
2019-04-04-17:45:35,24.8,94.8559,73.6015,0,29.8361,64.0,64.75593
2019-04-04-17:45:40,24.8,94.4276,73.6835,0,29.8361,64.0,64.75593
2019-04-04-17:45:45,24.8,94.4622,73.7781,0,29.8361,64.0,64.75593
2019-04-04-17:45:50,24.8,94.5658,73.5615,0,29.8361,64.0,64.75593
2019-04-04-17:45:55,24.8,94.5444,73.5499,0,29.8361,64.0,64.75593
2019-04-04-17:46:00,24.8,94.4359,73.5416,0,29.8361,64.0,64.75593
2019-04-04-17:46:05,24.8,94.4152,73.5464,0,29.8361,64.0,64.75593
2019-04-04-17:46:10,24.8,94.4197,73.4656,0,29.8361,64.0,64.75593
2019-04-04-17:46:15,24.8,94.4427,73.5906,0,29.8361,64.0,64.75593
2019-04-04-17:46:20,24.8,94.3982,73.4941,0,29.8361,64.0,64.75593
2019-04-04-17:46:25,24.8,94.4257,73.4635,0,29.8361,64.0,64.75593
2019-04-04-17:46:30,24.8,94.4257,73.5171,0,29.8361,64.0,64.75593
2019-04-04-17:46:35,24.8,94.4257,73.5171,0,29.8361,64.0,64.75593
2019-04-04-17:46:40,24.8,94.3957,73.5435,0,29.8361,64.0,64.75593
2019-04-04-17:46:45,24.8,94.1918,73.4379,0,29.8361,64.0,64.75593
2019-04-04-17:46:50,24.8,94.179,73.454,0,29.8361,64.0,64.75593
2019-04-04-17:46:55,24.8,94.439,73.4376,0,29.8361,64.0,64.75593
2019-04-04-17:47:00,24.8,94.3344,73.5478,0,29.8361,64.0,64.75593
2019-04-04-17:47:05,24.8,94.3444,73.4288,0,29.8361,64.0,64.75593
2019-04-04-17:47:10,24.8,94.3968,73.6181,0,29.8361,64.0,64.75593
2019-04-04-17:47:15,24.8,94.4134,73.5903,0,29.8361,64.0,64.75593
2019-04-04-17:47:20,24.8,94.1552,73.5499,0,29.8361,64.0,64.75593
2019-04-04-17:47:25,24.8,94.3675,73.4501,0,29.8361,64.0,64.75593
2019-04-04-17:47:30,24.8,94.4292,73.4501,0,29.8361,64.0,64.75593
2019-04-04-17:47:35,24.8,94.4709,73.5275,0,29.8361,64.0,64.75593
2019-04-04-17:47:40,24.8,94.4069,73.4192,0,29.8361,64.0,64.75593
2019-04-04-17:47:45,24.8,94.3279,73.636,0,29.8361,64.0,64.75593
2019-04-04-17:47:50,24.8,94.2869,73.4403,0,29.8361,64.0,64.75593
2019-04-04-17:47:55,24.8,94.4929,73.4832,0,29.8361,64.0,64.75593
2019-04-04-17:48:00,24.8,94.1027,73.4832,0,29.8361,64.0,64.75593
2019-04-04-17:48:05,24.8,94.0864,73.4832,0,29.8361,64.0,64.75593
2019-04-04-17:48:10,24.8,94.2463,73.3623,0,29.8361,64.0,64.75593
2019-04-04-17:48:15,24.8,94.4253,73.4271,0,29.8361,64.0,64.75593
2019-04-04-17:48:20,24.8,94.1881,73.3087,0,29.8361,64.0,64.75593
2019-04-04-17:48:25,24.8,94.0753,73.4306,0,29.8361,64.0,64.75593
2019-04-04-17:48:30,24.8,94.4351,73.4121,0,29.8361,64.0,64.75593
2019-04-04-17:48:35,24.8,94.1393,73.4274,0,29.8361,64.0,64.75593
2019-04-04-17:48:40,24.8,94.2529,73.4274,0,29.8361,64.0,64.75593
2019-04-04-17:48:45,24.8,94.1195,73.254,0,29.8361,64.0,64.75593
2019-04-04-17:48:50,24.8,94.3247,73.4631,0,29.8361,64.0,64.75593
2019-04-04-17:48:55,24.8,94.0931,73.3092,0,29.8361,64.0,64.75593
2019-04-04-17:49:00,24.8,94.3521,73.2781,0,29.8361,64.0,64.75593
2019-04-04-17:49:05,24.8,94.0735,73.1593,0,29.8361,64.0,64.75593
2019-04-04-17:49:10,24.8,94.0712,73.2163,0,29.8361,64.0,64.75593
2019-04-04-17:49:15,24.8,94.3398,73.2877,0,29.8361,64.0,64.75593
2019-04-04-17:49:20,24.8,94.1146,73.1426,0,29.8361,64.0,64.75593
2019-04-04-17:49:25,24.8,94.1411,73.3406,0,29.8361,64.0,64.75593
2019-04-04-17:49:30,24.8,94.1142,73.1681,0,29.8361,64.0,64.75593
2019-04-04-17:49:35,24.8,94.1142,73.2743,0,29.9372,64.0,64.75593
2019-04-04-17:49:40,24.8,94.0646,73.2449,0,29.9372,64.0,64.75593
2019-04-04-17:49:45,24.8,94.0294,73.1892,0,29.9372,64.0,64.75593
2019-04-04-17:49:50,24.8,94.0294,73.0791,0,29.9372,64.0,64.75593
2019-04-04-17:49:55,24.8,94.1545,73.231,0,29.9372,64.0,64.75593
2019-04-04-17:50:00,24.8,94.1503,73.0866,0,29.9372,64.0,64.75593
2019-04-04-17:50:05,24.8,94.1503,73.2113,0,29.9372,64.0,64.75593
2019-04-04-17:50:10,24.8,94.0161,73.0881,0,29.9372,64.0,64.75593
2019-04-04-17:50:15,24.8,94.2265,73.1898,0,29.9372,64.0,64.75593
2019-04-04-17:50:20,24.8,93.9869,73.0858,0,29.9372,64.0,64.75593
2019-04-04-17:50:25,24.8,94.0667,73.1922,0,29.9372,64.0,64.75593
2019-04-04-17:50:30,24.8,93.9307,73.0659,0,29.9372,64.0,64.75593
2019-04-04-17:50:35,24.8,94.1256,73.1436,0,29.9372,64.0,64.75593
2019-04-04-17:50:40,24.8,93.9331,73.0768,0,29.9372,64.0,64.75593
2019-04-04-17:50:45,24.8,94.064,73.0931,0,29.9372,64.0,64.75593
2019-04-04-17:50:50,24.8,94.0351,73.0931,0,29.9372,64.0,64.75593
2019-04-04-17:50:55,24.8,94.0436,73.0931,0,29.9372,64.0,64.75593
2019-04-04-17:51:00,24.8,93.9626,73.0931,0,29.9372,64.0,64.75593
2019-04-04-17:51:05,24.8,94.231,73.0549,0,29.9372,64.0,64.75593
2019-04-04-17:51:10,24.8,93.9742,73.0549,0,29.9372,64.0,64.75593
2019-04-04-17:51:15,24.8,94.0521,73.1644,0,29.9372,64.0,64.75593
2019-04-04-17:51:20,24.8,93.7657,73.0773,0,29.9372,64.0,64.75593
2019-04-04-17:51:25,24.8,93.7247,73.0773,0,29.9372,64.0,64.75593
2019-04-04-17:51:30,24.8,94.0203,73.0773,0,29.9372,64.0,64.75593
2019-04-04-17:51:35,24.8,93.89,73.0348,0,29.9372,64.0,64.75593
2019-04-04-17:51:40,24.8,93.7991,73.0587,0,29.9372,64.0,64.75593
2019-04-04-17:51:45,24.8,93.7991,73.0529,0,29.9372,64.0,64.75593
2019-04-04-17:51:50,24.8,93.8056,73.186,0,29.9372,64.0,64.75593
2019-04-04-17:51:55,24.8,94.0001,73.0754,0,29.9372,64.0,64.75593
2019-04-04-17:52:00,24.8,93.8312,73.0754,0,29.9372,64.0,64.75593
2019-04-04-17:52:05,24.8,93.7303,73.0754,0,29.9372,64.0,64.75593
2019-04-04-17:52:10,24.8,93.9448,73.0754,0,29.9372,64.0,64.75593
2019-04-04-17:52:15,24.8,93.8076,72.9789,0,29.9372,64.0,64.75593
2019-04-04-17:52:20,24.8,94.0454,73.0754,0,29.9372,64.0,64.75593
2019-04-04-17:52:25,24.8,93.7288,73.0954,0,29.9372,64.0,64.75593
2019-04-04-17:52:30,24.8,93.8559,73.0327,0,29.9372,64.0,64.75593
2019-04-04-17:52:35,24.8,93.8811,73.0969,0,29.9372,64.0,64.75593
2019-04-04-17:52:40,24.8,93.8767,73.1425,0,29.9372,64.0,64.75593
2019-04-04-17:52:45,24.8,93.709,72.835,0,29.9372,64.0,64.75593
2019-04-04-17:52:50,24.8,93.729,72.8429,0,29.9372,64.0,64.75593
2019-04-04-17:52:55,24.8,93.8025,72.7786,0,29.9372,64.0,64.75593
2019-04-04-17:53:00,24.8,93.9034,72.971,0,29.9372,64.0,64.75593
2019-04-04-17:53:05,24.8,93.7599,72.8504,0,29.9372,64.0,64.75593
2019-04-04-17:53:10,24.8,93.6875,72.785,0,29.9372,64.0,64.75593
2019-04-04-17:53:15,24.8,93.7972,72.8343,0,29.9372,64.0,64.75593
2019-04-04-17:53:20,24.8,93.6674,72.7156,0,29.9372,64.0,64.75593
2019-04-04-17:53:25,24.8,93.7718,72.7114,0,29.9372,64.0,64.75593
2019-04-04-17:53:30,24.8,93.8551,72.7175,0,29.9372,64.0,64.75593
2019-04-04-17:53:35,24.8,93.4707,72.9086,0,29.9372,64.0,64.75593
2019-04-04-17:53:40,24.8,93.8483,72.7093,0,29.9372,64.0,64.75593
2019-04-04-17:53:45,24.8,93.6958,72.8317,0,29.9372,64.0,64.75593
2019-04-04-17:53:50,24.8,93.6936,72.7907,0,29.9372,64.0,64.75593
2019-04-04-17:53:55,24.8,93.6889,72.7139,0,29.9372,64.0,64.75593
2019-04-04-17:54:00,24.8,93.6847,72.796,0,29.9372,64.0,64.75593
2019-04-04-17:54:05,24.8,93.5184,72.8843,0,29.9372,64.0,64.75593
2019-04-04-17:54:10,24.8,93.7778,72.6977,0,29.9372,64.0,64.75593
2019-04-04-17:54:15,24.8,93.6485,72.7771,0,29.9372,64.0,64.75593
2019-04-04-17:54:20,24.8,93.63,72.7771,0,29.9372,64.0,64.75593
2019-04-04-17:54:25,24.8,93.6821,72.9157,0,29.9372,64.0,64.75593
2019-04-04-17:54:30,24.8,93.3999,72.7166,0,29.9372,64.0,64.75593
2019-04-04-17:54:35,24.8,93.7246,72.7166,0,29.9372,64.0,64.75593
2019-04-04-17:54:40,24.8,93.471,72.7166,0,29.9372,64.0,64.75593
2019-04-04-17:54:45,24.8,93.7711,72.7166,0,29.9372,64.0,64.75593
2019-04-04-17:54:50,24.8,93.7953,72.7031,0,29.9372,64.0,64.75593
2019-04-04-17:54:55,24.8,93.8085,72.8768,0,29.9372,64.0,64.75593
2019-04-04-17:55:00,24.8,93.8201,72.8598,0,29.9372,64.0,64.75593
2019-04-04-17:55:05,24.8,93.6389,72.668,0,29.9372,64.0,64.75593
2019-04-04-17:55:10,24.8,93.6469,72.8751,0,29.9372,64.0,64.75593
2019-04-04-17:55:15,24.8,93.4441,72.6717,0,29.9372,64.0,64.75593
2019-04-04-17:55:20,24.8,93.5827,72.7958,0,29.9372,64.0,64.75593
2019-04-04-17:55:25,24.8,93.6833,72.6823,0,29.9372,64.0,64.75593
2019-04-04-17:55:30,24.8,93.413,72.7618,0,29.9372,64.0,64.75593
2019-04-04-17:55:35,24.8,93.6095,72.5096,0,29.9372,64.0,64.75593
2019-04-04-17:55:40,24.8,93.4234,72.7589,0,29.9372,64.0,64.75593
2019-04-04-17:55:45,24.8,93.5968,72.5042,0,29.9372,64.0,64.75593
2019-04-04-17:55:50,24.8,93.6208,72.4,0,29.9372,64.0,64.75593
2019-04-04-17:55:55,24.8,93.4249,72.5063,0,29.9372,64.0,64.75593
2019-04-04-17:56:00,24.8,93.585,72.6708,0,29.9372,64.0,64.75593
2019-04-04-17:56:05,24.8,93.3655,72.6525,0,29.9372,64.0,64.75593
2019-04-04-17:56:10,24.8,93.4088,72.3839,0,29.9372,64.0,64.75593
2019-04-04-17:56:15,24.8,93.4088,72.6372,0,29.9372,64.0,64.75593
2019-04-04-17:56:20,24.8,93.4088,72.468,0,29.9372,64.0,64.75593
2019-04-04-17:56:25,24.8,93.3654,72.468,0,29.9372,64.0,64.75593
2019-04-04-17:56:30,24.8,93.3149,72.401,0,29.9372,64.0,64.75593
2019-04-04-17:56:35,24.8,93.3933,72.5389,0,29.9372,64.0,64.75593
2019-04-04-17:56:40,24.8,93.5236,72.6671,0,29.9372,64.0,64.75593
2019-04-04-17:56:45,24.8,93.3625,72.3649,0,29.9372,64.0,64.75593
2019-04-04-17:56:50,24.8,93.3229,72.3281,0,29.9372,64.0,64.75593
2019-04-04-17:56:55,24.8,93.1548,72.6508,0,29.9372,64.0,64.75593
2019-04-04-17:57:00,24.8,93.469,72.3938,0,29.9372,64.0,64.75593
2019-04-04-17:57:05,24.8,93.517,72.3938,0,29.9372,64.0,64.75593
2019-04-04-17:57:10,24.8,93.4772,72.3938,0,29.9372,64.0,64.75593
2019-04-04-17:57:15,24.8,93.4999,72.4762,0,29.9372,64.0,64.75593
2019-04-04-17:57:20,24.8,93.4816,72.5752,0,29.9372,64.0,64.75593
2019-04-04-17:57:25,24.8,93.4072,72.5113,0,29.9372,64.0,64.75593
2019-04-04-17:57:30,24.8,93.3758,72.4455,0,29.9372,64.0,64.75593
2019-04-04-17:57:35,24.8,93.3758,72.4063,0,29.9372,64.0,64.75593
2019-04-04-17:57:40,24.8,93.3518,72.4063,0,29.9372,64.0,64.75593
2019-04-04-17:57:45,24.8,93.107,72.3866,0,29.9372,64.0,64.75593
2019-04-04-17:57:50,24.8,93.2272,72.3866,0,29.9372,64.0,64.75593
2019-04-04-17:57:55,24.8,93.3327,72.3866,0,29.9372,64.0,64.75593
2019-04-04-17:58:00,24.8,93.5479,72.3853,0,29.9372,64.0,64.75593
2019-04-04-17:58:05,24.8,93.1594,72.3853,0,29.9372,64.0,64.75593
2019-04-04-17:58:10,24.8,93.1899,72.3853,0,29.9372,64.0,64.75593
2019-04-04-17:58:15,24.8,93.2489,72.2897,0,29.9372,64.0,64.75593
2019-04-04-17:58:20,24.8,93.0555,72.3991,0,29.9372,64.0,64.75593
2019-04-04-17:58:25,24.8,93.0087,72.2933,0,29.9372,64.0,64.75593
2019-04-04-17:58:30,24.8,93.1123,72.2845,0,29.9372,64.0,64.75593
2019-04-04-17:58:35,24.8,93.2431,72.2879,0,29.9372,64.0,64.75593
2019-04-04-17:58:40,24.8,93.1069,72.4645,0,29.9372,64.0,64.75593
2019-04-04-17:58:45,24.8,93.2723,72.2789,0,29.9372,64.0,64.75593
2019-04-04-17:58:50,24.8,93.0116,72.2789,0,29.9372,64.0,64.75593
2019-04-04-17:58:55,24.8,93.0359,72.0611,0,29.9372,64.0,64.75593
2019-04-04-17:59:00,24.8,93.0401,72.3758,0,29.9372,64.0,64.75593
2019-04-04-17:59:05,24.8,93.2829,72.3145,0,29.9372,64.0,64.75593
2019-04-04-17:59:10,24.8,93.3033,71.9926,0,29.9372,64.0,64.75593
2019-04-04-17:59:15,24.8,92.9881,72.2939,0,29.9372,64.0,64.75593
2019-04-04-17:59:20,24.8,92.99,72.32,0,29.9372,64.0,64.75593
2019-04-04-17:59:25,24.8,92.99,72.32,0,29.9372,64.0,64.75593
2019-04-04-17:59:30,24.8,92.9618,72.1189,0,29.9372,64.0,64.75593
2019-04-04-17:59:35,24.8,92.9618,72.2768,0,29.9372,64.0,64.75593
2019-04-04-17:59:40,24.8,93.1774,72.2134,0,29.9372,64.0,64.75593
2019-04-04-17:59:45,24.8,93.0277,72.3354,0,29.9372,64.0,64.75593
2019-04-04-17:59:50,24.8,93.2655,72.2345,0,29.9372,64.0,64.75593
2019-04-04-17:59:55,24.8,93.0265,72.3279,0,29.9372,64.0,64.75593
2019-04-04-18:00:00,24.8,92.9662,72.2718,0,29.9372,64.0,64.75593
2019-04-04-18:00:05,24.8,92.9456,72.1991,0,29.9372,64.0,64.75593
2019-04-04-18:00:10,24.8,92.9318,72.0163,0,29.9372,64.0,64.75593
2019-04-04-18:00:15,24.8,92.9247,72.1767,0,29.9372,64.0,64.75593
2019-04-04-18:00:20,24.8,92.9442,72.1541,0,29.9372,64.0,64.75593
2019-04-04-18:00:25,24.8,93.0295,72.0182,0,29.9372,64.0,64.75593
2019-04-04-18:00:30,24.8,93.0448,72.277,0,29.9372,64.0,64.75593
2019-04-04-18:00:35,24.8,92.9299,72.0649,0,29.9372,64.0,64.75593
2019-04-04-18:00:40,24.8,93.1118,72.1787,0,29.9372,64.0,64.75593
2019-04-04-18:00:45,24.8,93.1115,72.2095,0,29.9372,64.0,64.75593
2019-04-04-18:00:50,24.8,92.9124,72.123,0,29.9372,64.0,64.75593
2019-04-04-18:00:55,24.8,93.2538,72.3997,0,29.9372,64.0,64.75593
2019-04-04-18:01:00,24.8,93.018,71.9793,0,29.9372,64.0,64.75593
2019-04-04-18:01:05,24.8,92.8162,72.0847,0,29.9372,64.0,64.75593
2019-04-04-18:01:10,24.8,92.9279,72.1594,0,29.9372,64.0,64.75593
2019-04-04-18:01:15,24.8,92.9452,72.1072,0,29.9372,64.0,64.75593
2019-04-04-18:01:20,24.8,92.9452,71.9499,0,29.9372,64.0,64.75593
2019-04-04-18:01:25,24.8,92.9452,72.0644,0,29.9372,64.0,64.75593
2019-04-04-18:01:30,24.8,92.9624,71.939,0,29.9372,64.0,64.75593
2019-04-04-18:01:35,24.8,92.8817,71.9236,0,29.9372,64.0,64.75593
2019-04-04-18:01:40,24.8,93.0078,71.9172,0,29.9372,64.0,64.75593
2019-04-04-18:01:45,24.8,92.8695,71.9195,0,29.9372,64.0,64.75593
2019-04-04-18:01:50,24.8,92.8695,71.946,0,29.9372,64.0,64.75593
2019-04-04-18:01:55,24.8,92.8324,71.947,0,29.9372,64.0,64.75593
2019-04-04-18:02:00,24.8,93.0017,71.8781,0,29.9372,64.0,64.75593
2019-04-04-18:02:05,24.8,92.7518,72.0507,0,29.9372,64.0,64.75593
2019-04-04-18:02:10,24.8,92.7527,71.9337,0,29.9372,64.0,64.75593
2019-04-04-18:02:15,24.8,92.8306,71.9845,0,29.9372,64.0,64.75593
2019-04-04-18:02:20,24.8,92.8229,71.7148,0,29.9372,64.0,64.75593
2019-04-04-18:02:25,24.8,92.822,71.9275,0,29.9372,64.0,64.75593
2019-04-04-18:02:30,24.8,92.6026,72.0176,0,29.9372,64.0,64.75593
2019-04-04-18:02:35,24.8,92.6361,71.906,0,29.9372,64.0,64.75593
2019-04-04-18:02:40,24.8,92.6788,71.906,0,29.9372,64.0,64.75593
2019-04-04-18:02:45,24.8,92.9582,71.906,0,29.9372,64.0,64.75593
2019-04-04-18:02:50,24.8,92.6873,72.0771,0,29.9372,64.0,64.75593
2019-04-04-18:02:55,24.8,92.5732,71.9322,0,29.9372,64.0,64.75593
2019-04-04-18:03:00,24.8,92.9774,71.8312,0,29.9372,64.0,64.75593
2019-04-04-18:03:05,24.8,92.9523,72.083,0,29.9372,64.0,64.75593
2019-04-04-18:03:10,24.8,92.7573,72.078,0,29.9372,64.0,64.75593
2019-04-04-18:03:15,24.8,92.8197,71.9522,0,29.9372,64.0,64.75593
2019-04-04-18:03:20,24.8,92.9446,71.9029,0,29.9372,64.0,64.75593
2019-04-04-18:03:25,24.8,92.7777,71.9029,0,29.9372,64.0,64.75593
2019-04-04-18:03:30,24.8,92.7945,71.968,0,29.9372,64.0,64.75593
2019-04-04-18:03:35,24.8,92.8052,71.9853,0,29.9372,64.0,64.75593
2019-04-04-18:03:40,24.8,92.77,71.6433,0,29.9372,64.0,64.75593
2019-04-04-18:03:45,24.8,92.8768,71.678,0,29.9372,64.0,64.75593
2019-04-04-18:03:50,24.8,92.6611,71.9921,0,29.9372,64.0,64.75593
2019-04-04-18:03:55,24.8,92.6611,71.7073,0,29.9372,64.0,64.75593
2019-04-04-18:04:00,24.8,92.6611,71.888,0,29.9372,64.0,64.75593
2019-04-04-18:04:05,24.8,92.6543,71.8197,0,29.9372,64.0,64.75593
2019-04-04-18:04:10,24.8,92.6543,71.7134,0,29.9372,64.0,64.75593
2019-04-04-18:04:15,24.8,92.6543,71.7805,0,29.9372,64.0,64.75593
2019-04-04-18:04:20,24.8,92.5854,71.6788,0,29.9372,64.0,64.75593
2019-04-04-18:04:25,24.8,92.5569,71.6788,0,29.9372,64.0,64.75593
2019-04-04-18:04:30,24.8,92.5597,71.8609,0,29.9372,64.0,64.75593
2019-04-04-18:04:35,24.8,92.5597,71.7318,0,29.9372,64.0,64.75593
2019-04-04-18:04:40,24.8,92.5597,71.5539,0,29.9372,64.0,64.75593
2019-04-04-18:04:45,24.8,92.6043,71.668,0,29.9372,64.0,64.75593
2019-04-04-18:04:50,24.8,92.5417,71.5873,0,29.9372,64.0,64.75593
2019-04-04-18:04:55,24.8,92.5675,71.8333,0,29.9372,64.0,64.75593
2019-04-04-18:05:00,24.8,92.5675,71.6556,0,29.9372,64.0,64.75593
2019-04-04-18:05:05,24.8,92.521,71.5795,0,29.9372,64.0,64.75593
2019-04-04-18:05:10,24.8,92.5655,71.5754,0,29.9372,64.0,64.75593
2019-04-04-18:05:15,24.8,92.7211,71.5961,0,29.9372,64.0,64.75593
2019-04-04-18:05:20,24.8,92.5286,71.7483,0,29.9372,64.0,64.75593
2019-04-04-18:05:25,24.8,92.7259,71.7424,0,29.9372,64.0,64.75593
2019-04-04-18:05:30,24.8,92.6572,71.8466,0,29.9372,64.0,64.75593
2019-04-04-18:05:35,24.8,92.5915,71.5505,0,29.9372,64.0,64.75593
2019-04-04-18:05:40,24.8,92.4909,71.5505,0,29.9372,64.0,64.75593
2019-04-04-18:05:45,24.8,92.5943,71.7491,0,29.9372,64.0,64.75593
2019-04-04-18:05:50,24.8,92.3702,71.5619,0,29.9372,64.0,64.75593
2019-04-04-18:05:55,24.8,92.5622,71.7126,0,29.9372,64.0,64.75593
2019-04-04-18:06:00,24.8,92.2927,71.5431,0,29.9372,64.0,64.75593
2019-04-04-18:06:05,24.8,92.6021,71.5431,0,29.9372,64.0,64.75593
2019-04-04-18:06:10,24.8,92.5214,71.5551,0,29.9372,64.0,64.75593
2019-04-04-18:06:15,24.8,92.2486,71.5489,0,29.9372,64.0,64.75593
2019-04-04-18:06:20,24.8,92.3797,71.5489,0,29.9372,64.0,64.75593
2019-04-04-18:06:25,24.8,92.2675,71.5611,0,29.9372,64.0,64.75593
2019-04-04-18:06:30,24.8,92.3705,71.5533,0,29.9372,64.0,64.75593
2019-04-04-18:06:35,24.8,92.2742,71.5091,0,29.9372,64.0,64.75593
2019-04-04-18:06:40,24.8,92.4082,71.5094,0,29.9372,64.0,64.75593
2019-04-04-18:06:45,24.8,92.5293,71.6105,0,29.9372,64.0,64.75593
2019-04-04-18:06:50,24.8,92.4825,71.6105,0,29.9372,64.0,64.75593
2019-04-04-18:06:55,24.8,92.2236,71.5097,0,29.9372,64.0,64.75593
2019-04-04-18:07:00,24.8,92.24,71.5385,0,29.9372,64.0,64.75593
2019-04-04-18:07:05,24.8,92.2595,71.5385,0,29.9372,64.0,64.75593
2019-04-04-18:07:10,24.8,92.3633,71.4815,0,29.9372,64.0,64.75593
2019-04-04-18:07:15,24.8,92.2546,71.5188,0,29.9372,64.0,64.75593
2019-04-04-18:07:20,24.8,92.4061,71.416,0,29.9372,64.0,64.75593
2019-04-04-18:07:25,24.8,92.32,71.2303,0,29.9372,64.0,64.75593
2019-04-04-18:07:30,24.8,92.1984,71.294,0,29.9372,64.0,64.75593
2019-04-04-18:07:35,24.8,92.2187,71.5352,0,29.9372,64.0,64.75593
2019-04-04-18:07:40,24.8,92.2002,71.5746,0,29.9372,64.0,64.75593
2019-04-04-18:07:45,24.8,92.5532,71.5751,0,29.9372,64.0,64.75593
2019-04-04-18:07:50,24.8,92.3723,71.3221,0,29.9372,64.0,64.75593
2019-04-04-18:07:55,24.8,92.2632,71.2429,0,29.9372,64.0,64.75593
2019-04-04-18:08:00,24.8,92.2662,71.2478,0,29.9372,64.0,64.75593
2019-04-04-18:08:05,24.8,92.1559,71.5176,0,29.9372,64.0,64.75593
2019-04-04-18:08:10,24.8,92.2943,71.2775,0,29.9372,64.0,64.75593
2019-04-04-18:08:15,24.8,92.3019,71.4277,0,29.9372,64.0,64.75593
2019-04-04-18:08:20,24.8,92.1825,71.4069,0,29.9372,64.0,64.75593
2019-04-04-18:08:25,24.8,92.1825,71.2936,0,29.9372,64.0,64.75593
2019-04-04-18:08:30,24.8,92.1825,71.407,0,29.9372,64.0,64.75593
2019-04-04-18:08:35,24.8,92.0017,71.2076,0,29.9372,64.0,64.75593
2019-04-04-18:08:40,24.8,92.1886,71.1846,0,29.9372,64.0,64.75593
2019-04-04-18:08:45,24.8,92.1709,71.1984,0,29.9372,64.0,64.75593
2019-04-04-18:08:50,24.8,92.179,71.194,0,29.9372,64.0,64.75593
2019-04-04-18:08:55,24.8,92.1423,71.2019,0,29.9372,64.0,64.75593
2019-04-04-18:09:00,24.8,92.2915,71.3953,0,29.9372,64.0,64.75593
2019-04-04-18:09:05,24.8,91.9351,71.2657,0,29.9372,64.0,64.75593
2019-04-04-18:09:10,24.8,92.2308,71.1639,0,29.9372,64.0,64.75593
2019-04-04-18:09:15,24.8,92.2308,71.2742,0,29.9372,64.0,64.75593
2019-04-04-18:09:20,24.8,91.9256,71.172,0,29.9372,64.0,64.75593
2019-04-04-18:09:25,24.8,92.1821,71.172,0,29.9372,64.0,64.75593
2019-04-04-18:09:30,24.8,91.9312,71.0582,0,29.9372,64.0,64.75593
2019-04-04-18:09:35,24.8,92.1972,71.2463,0,29.9372,64.0,64.75593
2019-04-04-18:09:40,24.8,91.8669,71.1901,0,29.9372,64.0,64.75593
2019-04-04-18:09:45,24.8,92.1917,71.1926,0,29.9372,64.0,64.75593
2019-04-04-18:09:50,24.8,91.8867,71.1882,0,29.9372,64.0,64.75593
2019-04-04-18:09:55,24.8,92.0449,70.9265,0,29.9372,64.0,64.75593
2019-04-04-18:10:00,24.8,92.3312,71.4881,0,29.9372,64.0,64.75593
2019-04-04-18:10:05,24.8,92.1079,71.2094,0,29.9372,64.0,64.75593
2019-04-04-18:10:10,24.8,92.0825,71.2101,0,29.9372,64.0,64.75593
2019-04-04-18:10:15,24.8,92.0653,71.1664,0,29.9372,64.0,64.75593
2019-04-04-18:10:20,24.8,91.9212,71.1646,0,29.9372,64.0,64.75593
2019-04-04-18:10:25,24.8,91.9212,71.2343,0,29.9372,64.0,64.75593
2019-04-04-18:10:30,24.8,91.8463,71.2015,0,29.9372,64.0,64.75593
2019-04-04-18:10:35,24.8,91.8279,71.1941,0,29.9372,64.0,64.75593
2019-04-04-18:10:40,24.8,91.8353,71.1941,0,29.9372,64.0,64.75593
2019-04-04-18:10:45,24.8,91.9449,71.0113,0,29.9372,64.0,64.75593
2019-04-04-18:10:50,24.8,91.9378,71.1622,0,29.9372,64.0,64.75593
2019-04-04-18:10:55,24.8,91.8256,70.935,0,29.9372,64.0,64.75593
2019-04-04-18:11:00,24.8,91.8209,70.8187,0,29.9372,64.0,64.75593
2019-04-04-18:11:05,24.8,91.8191,71.1645,0,29.9372,64.0,64.75593
2019-04-04-18:11:10,24.8,92.0143,70.8369,0,29.9372,64.0,64.75593
2019-04-04-18:11:15,24.8,91.7884,70.849,0,29.9372,64.0,64.75593
2019-04-04-18:11:20,24.8,91.718,70.8419,0,29.9372,64.0,64.75593
2019-04-04-18:11:25,24.8,91.8965,71.069,0,29.9372,64.0,64.75593
2019-04-04-18:11:30,24.8,91.8965,71.0058,0,29.9372,64.0,64.75593
2019-04-04-18:11:35,24.8,91.8965,70.8357,0,29.9372,64.0,64.75593
2019-04-04-18:11:40,24.8,91.8956,70.9452,0,29.9372,64.0,64.75593
2019-04-04-18:11:45,24.8,91.8957,70.8057,0,29.9372,64.0,64.75593
2019-04-04-18:11:50,24.8,91.8694,70.8212,0,29.9372,64.0,64.75593
2019-04-04-18:11:55,24.8,92.0112,71.1671,0,29.9372,64.0,64.75593
2019-04-04-18:12:00,24.8,91.7748,70.7997,0,29.9372,64.0,64.75593
2019-04-04-18:12:05,24.8,91.7941,70.7789,0,29.9372,64.0,64.75593
2019-04-04-18:12:10,24.8,91.6111,70.7998,0,29.9372,64.0,64.75593
2019-04-04-18:12:15,24.8,91.8173,70.8227,0,29.9372,64.0,64.75593
2019-04-04-18:12:20,24.8,91.8028,70.9314,0,29.9372,64.0,64.75593
2019-04-04-18:12:25,24.8,91.7694,70.946,0,29.9372,64.0,64.75593
2019-04-04-18:12:30,24.8,91.9107,70.8178,0,29.9372,64.0,64.75593
2019-04-04-18:12:35,24.8,91.8787,70.7875,0,29.9372,64.0,64.75593
2019-04-04-18:12:40,24.8,91.7721,70.7875,0,29.9372,64.0,64.75593
2019-04-04-18:12:45,24.8,91.7581,70.7875,0,29.9372,64.0,64.75593
2019-04-04-18:12:50,24.8,91.7581,70.7875,0,29.9372,64.0,64.75593
2019-04-04-18:12:55,24.8,91.8269,70.8134,0,29.9372,64.0,64.75593
2019-04-04-18:13:00,24.8,91.7172,70.8933,0,29.9372,64.0,64.75593
2019-04-04-18:13:05,24.8,91.6025,71.0055,0,29.9372,64.0,64.75593
2019-04-04-18:13:10,24.8,91.7371,71.201,0,29.9372,64.0,64.75593
2019-04-04-18:13:15,24.8,91.8642,70.945,0,29.9372,64.0,64.75593
2019-04-04-18:13:20,24.8,91.8868,71.1382,0,29.9372,64.0,64.75593
2019-04-04-18:13:25,24.8,91.8866,70.9047,0,29.9372,64.0,64.75593
2019-04-04-18:13:30,24.8,91.5357,70.7882,0,29.9372,64.0,64.75593
2019-04-04-18:13:35,24.8,91.6777,70.8104,0,29.9372,64.0,64.75593
2019-04-04-18:13:40,24.8,91.7156,70.8032,0,29.9372,64.0,64.75593
2019-04-04-18:13:45,24.8,91.7029,70.8032,0,29.9372,64.0,64.75593
2019-04-04-18:13:50,24.8,91.4422,70.7828,0,29.9372,64.0,64.75593
2019-04-04-18:13:55,24.8,91.5152,70.7828,0,29.9372,64.0,64.75593
2019-04-04-18:14:00,24.8,91.4519,70.7828,0,29.9372,64.0,64.75593
2019-04-04-18:14:05,24.8,91.6893,70.6199,0,29.9372,64.0,64.75593
2019-04-04-18:14:10,24.8,91.5093,70.7388,0,29.9372,64.0,64.75593
2019-04-04-18:14:15,24.8,91.4387,70.636,0,29.9372,64.0,64.75593
2019-04-04-18:14:20,24.8,91.4353,70.4627,0,29.9372,64.0,64.75593
2019-04-04-18:14:25,24.8,91.6315,70.7428,0,29.9372,64.0,64.75593
2019-04-04-18:14:30,24.8,91.6693,70.7529,0,29.9372,64.0,64.75593
2019-04-04-18:14:35,24.8,91.4303,70.6652,0,29.9372,64.0,64.75593
2019-04-04-18:14:40,24.8,91.434,70.7409,0,29.9372,64.0,64.75593
2019-04-04-18:14:45,24.8,91.6027,70.8768,0,29.9372,64.0,64.75593
2019-04-04-18:14:50,24.8,91.4668,70.8663,0,29.8347,64.0,64.75593
2019-04-04-18:14:55,24.8,91.538,70.7492,0,29.8347,72.0,64.75593
2019-04-04-18:15:00,24.8,91.4362,70.456,0,29.8347,72.0,69.82694
2019-04-04-18:15:05,24.8,91.4362,70.5953,0,29.8347,72.0,71.25388
2019-04-04-18:15:10,24.8,91.6103,70.6898,0,29.8347,72.0,71.25388
2019-04-04-18:15:15,24.8,91.4453,70.7395,0,29.8347,72.0,71.25388
2019-04-04-18:15:20,24.8,91.4895,70.683,0,29.8347,72.0,71.25388
2019-04-04-18:15:25,24.8,91.4895,70.8332,0,29.8347,72.0,71.25388
2019-04-04-18:15:30,24.8,91.4895,70.6012,0,29.8347,72.0,71.25388
2019-04-04-18:15:35,24.8,91.4895,70.6416,0,29.8347,72.0,71.25388
2019-04-04-18:15:40,24.8,91.7818,70.6892,0,29.8347,72.0,71.25388
2019-04-04-18:15:45,24.8,91.4287,70.492,0,29.8347,72.0,71.25388
2019-04-04-18:15:50,24.8,91.4645,70.492,0,29.8347,72.0,71.25388
2019-04-04-18:15:55,24.8,91.4625,70.7887,0,29.8347,72.0,71.25388
2019-04-04-18:16:00,24.8,91.4093,70.7687,0,29.8347,72.0,71.25388
2019-04-04-18:16:05,24.8,91.4978,70.5049,0,29.8347,72.0,71.25388
2019-04-04-18:16:10,24.8,91.4978,70.5348,0,29.7341,72.0,71.25388
2019-04-04-18:16:15,24.8,91.4978,70.6189,0,29.7341,72.0,71.25388
2019-04-04-18:16:20,24.8,91.4376,70.5396,0,29.7341,72.0,71.25388
2019-04-04-18:16:25,24.8,91.4694,70.4447,0,29.7341,72.0,71.25388
2019-04-04-18:16:30,24.8,91.4129,70.5761,0,29.7341,72.0,71.25388
2019-04-04-18:16:35,24.8,91.4912,70.4149,0,29.7341,72.0,71.25388
2019-04-04-18:16:40,24.8,91.5095,70.4392,0,29.7341,72.0,71.25388
2019-04-04-18:16:45,24.8,91.5343,70.637,0,29.7341,72.0,71.25388
2019-04-04-18:16:50,24.8,91.3882,70.4802,0,29.7341,72.0,71.25388
2019-04-04-18:16:55,24.8,91.3774,70.4802,0,29.7341,72.0,71.25388
2019-04-04-18:17:00,24.8,91.3248,70.5067,0,29.7341,72.0,71.25388
2019-04-04-18:17:05,24.8,91.5682,70.7689,0,29.7341,72.0,71.25388
2019-04-04-18:17:10,24.8,91.5494,70.5133,0,29.7341,72.0,71.25388
2019-04-04-18:17:15,24.8,91.409,70.5133,0,29.7341,72.0,71.25388
2019-04-04-18:17:20,24.8,91.4061,70.6418,0,29.7341,72.0,71.25388
2019-04-04-18:17:25,24.8,91.3966,70.5029,0,29.7341,72.0,71.25388
2019-04-04-18:17:30,24.8,91.4032,70.6675,0,29.7341,72.0,71.25388
2019-04-04-18:17:35,24.8,91.4316,70.4308,0,29.7341,72.0,71.25388
2019-04-04-18:17:40,24.8,91.1749,70.6244,0,29.7341,72.0,71.25388
2019-04-04-18:17:45,24.8,91.5029,70.6385,0,29.7341,72.0,71.25388
2019-04-04-18:17:50,24.8,91.4946,70.8157,0,29.7341,72.0,71.25388
2019-04-04-18:17:55,24.8,91.5253,70.5657,0,29.7341,72.0,71.25388
2019-04-04-18:18:00,24.8,91.562,70.4372,0,29.7341,72.0,71.25388
2019-04-04-18:18:05,24.8,91.5804,70.4372,0,29.7341,72.0,71.25388
2019-04-04-18:18:10,24.8,91.3765,70.4964,0,29.7341,72.0,71.25388
2019-04-04-18:18:15,24.8,91.3779,70.7286,0,29.7341,72.0,71.25388
2019-04-04-18:18:20,24.8,91.2723,70.7387,0,29.7341,72.0,71.25388
2019-04-04-18:18:25,24.8,91.4013,70.4165,0,29.7341,72.0,71.25388
2019-04-04-18:18:30,24.8,91.4013,70.4165,0,29.7341,72.0,71.25388
2019-04-04-18:18:35,24.8,91.2507,70.4489,0,29.7341,72.0,71.25388
2019-04-04-18:18:40,24.8,91.4681,70.4372,0,29.7341,72.0,71.25388
2019-04-04-18:18:45,24.8,91.1399,70.4103,0,29.7341,72.0,71.25388
2019-04-04-18:18:50,24.8,91.2712,70.4215,0,29.7341,72.0,71.25388
2019-04-04-18:18:55,24.8,91.2261,70.4243,0,29.7341,72.0,71.25388
2019-04-04-18:19:00,24.8,91.3067,70.4014,0,29.7341,72.0,71.25388
2019-04-04-18:19:05,24.8,91.3067,70.6793,0,29.7341,72.0,71.25388
2019-04-04-18:19:10,24.8,91.3067,70.4118,0,29.7341,72.0,71.25388
2019-04-04-18:19:15,24.8,91.3092,70.4118,0,29.7341,72.0,71.25388
2019-04-04-18:19:20,24.8,91.1188,70.403,0,29.7341,72.0,71.25388
2019-04-04-18:19:25,24.8,91.4631,70.2473,0,29.7341,72.0,71.25388
2019-04-04-18:19:30,24.8,91.4206,70.4168,0,29.7341,72.0,71.25388
2019-04-04-18:19:35,24.8,91.3464,70.4168,0,29.7341,72.0,71.25388
2019-04-04-18:19:40,24.8,91.114,70.6118,0,29.7341,72.0,71.25388
2019-04-04-18:19:45,24.8,91.1158,70.4816,0,29.7341,72.0,71.25388
2019-04-04-18:19:50,24.8,91.2939,70.4368,0,29.7341,72.0,71.25388
2019-04-04-18:19:55,24.8,91.276,70.2829,0,29.7341,72.0,71.25388
2019-04-04-18:20:00,24.8,91.0902,70.1622,0,29.7341,72.0,71.25388
2019-04-04-18:20:05,24.8,91.1098,70.5938,0,29.7341,72.0,71.25388
2019-04-04-18:20:10,24.8,91.4562,70.5527,0,29.7341,72.0,71.25388
2019-04-04-18:20:15,24.8,91.171,70.4122,0,29.7341,72.0,71.25388
2019-04-04-18:20:20,24.8,91.481,70.4122,0,29.7341,72.0,71.25388
2019-04-04-18:20:25,24.8,91.3242,70.2692,0,29.7341,72.0,71.25388
2019-04-04-18:20:30,24.8,91.1228,70.4142,0,29.7341,72.0,71.25388
2019-04-04-18:20:35,24.8,91.2545,70.5042,0,29.7341,72.0,71.25388
2019-04-04-18:20:40,24.8,91.1871,70.5451,0,29.7341,72.0,71.25388
2019-04-04-18:20:45,24.8,91.3056,70.4122,0,29.7341,72.0,71.25388
2019-04-04-18:20:50,24.8,91.4032,70.4855,0,29.7341,72.0,71.25388
2019-04-04-18:20:55,24.8,91.2057,70.6075,0,29.7341,72.0,71.25388
2019-04-04-18:21:00,24.8,91.0866,70.3814,0,29.7341,72.0,71.25388
2019-04-04-18:21:05,24.8,91.1886,70.3795,0,29.7341,72.0,71.25388
2019-04-04-18:21:10,24.8,91.1195,70.3521,0,29.7341,72.0,71.25388
2019-04-04-18:21:15,24.8,91.3527,70.4288,0,29.7341,72.0,71.25388
2019-04-04-18:21:20,24.8,91.1149,70.4035,0,29.7341,72.0,71.25388
2019-04-04-18:21:25,24.8,91.0939,70.3954,0,29.7341,72.0,71.25388
2019-04-04-18:21:30,24.8,91.0815,70.2484,0,29.7341,72.0,71.25388
2019-04-04-18:21:35,24.8,91.0906,70.1295,0,29.7341,72.0,71.25388
2019-04-04-18:21:40,24.8,91.0782,70.1551,0,29.7341,72.0,71.25388
2019-04-04-18:21:45,24.8,91.0989,70.0702,0,29.7341,72.0,71.25388
2019-04-04-18:21:50,24.8,91.0792,70.4336,0,29.7341,72.0,71.25388
2019-04-04-18:21:55,24.8,91.0466,70.3846,0,29.7341,72.0,71.25388
2019-04-04-18:22:00,24.8,91.069,70.2153,0,29.7341,72.0,71.25388
2019-04-04-18:22:05,24.8,91.069,70.0528,0,29.7341,72.0,71.25388
2019-04-04-18:22:10,24.8,91.069,70.1517,0,29.7341,72.0,71.25388
2019-04-04-18:22:15,24.8,91.069,70.303,0,29.7341,72.0,71.25388
2019-04-04-18:22:20,24.8,91.069,70.291,0,29.6336,72.0,71.25388
2019-04-04-18:22:25,24.8,91.0577,70.2848,0,29.6336,72.0,71.25388
2019-04-04-18:22:30,24.8,91.2161,70.5129,0,29.6336,72.0,71.25388
2019-04-04-18:22:35,24.8,91.2554,70.2004,0,29.6336,72.0,71.25388
2019-04-04-18:22:40,24.8,91.2619,70.0816,0,29.6336,72.0,71.25388
2019-04-04-18:22:45,24.8,91.247,70.1274,0,29.6336,72.0,71.25388
2019-04-04-18:22:50,24.8,91.1978,70.3885,0,29.6336,72.0,71.25388
2019-04-04-18:22:55,24.8,91.1928,70.4488,0,29.6336,72.0,71.25388
2019-04-04-18:23:00,24.8,91.1801,70.3511,0,29.6336,72.0,71.25388
2019-04-04-18:23:05,24.8,91.0741,70.1817,0,29.6336,72.0,71.25388
2019-04-04-18:23:10,24.8,91.0568,70.065,0,29.6336,72.0,71.25388
2019-04-04-18:23:15,24.8,91.0057,70.3732,0,29.6336,72.0,71.25388
2019-04-04-18:23:20,24.8,91.0564,70.4025,0,29.6336,72.0,71.25388
2019-04-04-18:23:25,24.8,91.0564,70.3204,0,29.6336,72.0,71.25388
2019-04-04-18:23:30,24.8,91.0564,70.2401,0,29.6336,72.0,71.25388
2019-04-04-18:23:35,24.8,91.0473,70.2907,0,29.6336,72.0,71.25388
2019-04-04-18:23:40,24.8,91.0325,70.1894,0,29.6336,72.0,71.25388
2019-04-04-18:23:45,24.8,91.0532,70.1663,0,29.6336,72.0,71.25388
2019-04-04-18:23:50,24.8,91.064,70.1359,0,29.6336,72.0,71.25388
2019-04-04-18:23:55,24.8,91.0713,70.0417,0,29.6336,72.0,71.25388
2019-04-04-18:24:00,24.8,90.9125,70.143,0,29.6336,72.0,71.25388
2019-04-04-18:24:05,24.8,90.9923,70.1319,0,29.6336,72.0,71.25388
2019-04-04-18:24:10,24.8,91.1071,70.3804,0,29.6336,72.0,71.25388
2019-04-04-18:24:15,24.8,91.0905,70.4141,0,29.6336,72.0,71.25388
2019-04-04-18:24:20,24.8,91.0905,70.0438,0,29.6336,72.0,71.25388
2019-04-04-18:24:25,24.8,90.8399,70.1921,0,29.6336,72.0,71.25388
2019-04-04-18:24:30,24.8,91.0446,70.0676,0,29.6336,72.0,71.25388
2019-04-04-18:24:35,24.8,90.9356,70.102,0,29.6336,72.0,71.25388
2019-04-04-18:24:40,24.8,90.8897,70.076,0,29.6336,72.0,71.25388
2019-04-04-18:24:45,24.8,90.9852,70.1223,0,29.6336,72.0,71.25388
2019-04-04-18:24:50,24.8,91.1018,70.1223,0,29.6336,72.0,71.25388
2019-04-04-18:24:55,24.8,91.0054,70.1223,0,29.6336,72.0,71.25388
2019-04-04-18:25:00,24.8,91.0119,70.0472,0,29.6336,72.0,71.25388
2019-04-04-18:25:05,24.8,91.1563,70.0472,0,29.6336,72.0,71.25388
2019-04-04-18:25:10,24.8,90.9809,70.1406,0,29.6336,72.0,71.25388
2019-04-04-18:25:15,24.8,91.0604,70.0398,0,29.6336,72.0,71.25388
2019-04-04-18:25:20,24.8,91.2542,70.0552,0,29.6336,72.0,71.25388
2019-04-04-18:25:25,24.8,91.1074,70.0909,0,29.6336,72.0,71.25388
2019-04-04-18:25:30,24.8,90.9519,70.2386,0,29.6336,72.0,71.25388
2019-04-04-18:25:35,24.8,90.7697,70.0363,0,29.6336,72.0,71.25388
2019-04-04-18:25:40,24.8,90.7772,70.0603,0,29.6336,72.0,71.25388
2019-04-04-18:25:45,24.8,91.0579,70.0938,0,29.6336,72.0,71.25388
2019-04-04-18:25:50,24.8,90.87,70.0634,0,29.6336,72.0,71.25388
2019-04-04-18:25:55,24.8,90.9716,70.0634,0,29.6336,72.0,71.25388
2019-04-04-18:26:00,24.8,90.756,70.0634,0,29.6336,72.0,71.25388
2019-04-04-18:26:05,24.8,90.81,70.0634,0,29.6336,72.0,71.25388
2019-04-04-18:26:10,24.8,90.7725,70.0445,0,29.6336,72.0,71.25388
2019-04-04-18:26:15,24.8,90.8276,70.2885,0,29.6336,72.0,71.25388
2019-04-04-18:26:20,24.8,90.8143,70.0404,0,29.6336,72.0,71.25388
2019-04-04-18:26:25,24.8,90.9466,70.0404,0,29.6336,72.0,71.25388
2019-04-04-18:26:30,24.8,90.9029,70.1418,0,29.6336,72.0,71.25388
2019-04-04-18:26:35,24.8,90.9016,70.0406,0,29.6336,72.0,71.25388
2019-04-04-18:26:40,24.8,90.9,70.2537,0,29.6336,72.0,71.25388
2019-04-04-18:26:45,24.8,90.7666,70.0412,0,29.6336,72.0,71.25388
2019-04-04-18:26:50,24.8,90.9044,70.0595,0,29.6336,72.0,71.25388
2019-04-04-18:26:55,24.8,90.8582,70.0652,0,29.6336,72.0,71.25388
2019-04-04-18:27:00,24.8,90.7581,70.0754,0,29.6336,72.0,71.25388
2019-04-04-18:27:05,24.8,91.0857,69.8801,0,29.6336,72.0,71.25388
2019-04-04-18:27:10,24.8,90.9523,69.8137,0,29.6336,72.0,71.25388
2019-04-04-18:27:15,24.8,90.9173,70.0291,0,29.6336,72.0,71.25388
2019-04-04-18:27:20,24.8,90.9385,70.1326,0,29.6336,72.0,71.25388
2019-04-04-18:27:25,24.8,90.8812,69.9851,0,29.6336,72.0,71.25388
2019-04-04-18:27:30,24.8,90.8812,70.1046,0,29.6336,72.0,71.25388
2019-04-04-18:27:35,24.8,90.8812,70.1697,0,29.6336,72.0,71.25388
2019-04-04-18:27:40,24.8,91.0399,69.8928,0,29.6336,72.0,71.25388
2019-04-04-18:27:45,24.8,90.8968,70.0817,0,29.6336,72.0,71.25388
2019-04-04-18:27:50,24.8,90.7319,70.2151,0,29.6336,72.0,71.25388
2019-04-04-18:27:55,24.8,90.8849,69.979,0,29.6336,72.0,71.25388
2019-04-04-18:28:00,24.8,90.9816,70.1909,0,29.6336,72.0,71.25388
2019-04-04-18:28:05,24.8,90.8353,70.1744,0,29.6336,72.0,71.25388
2019-04-04-18:28:10,24.8,90.8898,70.0517,0,29.6336,72.0,71.25388
2019-04-04-18:28:15,24.8,90.7538,70.1152,0,29.6336,72.0,71.25388
2019-04-04-18:28:20,24.8,90.7267,70.0106,0,29.6336,72.0,71.25388
2019-04-04-18:28:25,24.8,90.8159,69.8131,0,29.6336,72.0,71.25388
2019-04-04-18:28:30,24.8,90.7295,69.868,0,29.6336,72.0,71.25388
2019-04-04-18:28:35,24.8,90.7325,69.7899,0,29.6336,72.0,71.25388
2019-04-04-18:28:40,24.8,90.7247,69.9787,0,29.6336,72.0,71.25388
2019-04-04-18:28:45,24.8,90.777,69.8856,0,29.6336,72.0,71.25388
2019-04-04-18:28:50,24.8,90.7695,69.9965,0,29.6336,72.0,71.25388
2019-04-04-18:28:55,24.8,90.7695,69.9965,0,29.6336,72.0,71.25388
2019-04-04-18:29:00,24.8,90.7007,69.8435,0,29.6336,72.0,71.25388
2019-04-04-18:29:05,24.8,90.8761,69.9757,0,29.6336,72.0,71.25388
2019-04-04-18:29:10,24.8,90.7952,69.6982,0,29.6336,72.0,71.25388
2019-04-04-18:29:15,24.8,90.7952,70.0202,0,29.6336,72.0,71.25388
2019-04-04-18:29:20,24.8,90.7952,70.0309,0,29.6336,72.0,71.25388
2019-04-04-18:29:25,24.8,90.8335,69.8062,0,29.6336,72.0,71.25388
2019-04-04-18:29:30,24.8,90.7935,69.9626,0,29.6336,72.0,71.25388
2019-04-04-18:29:35,24.8,90.9003,69.9662,0,29.6336,72.0,71.25388
2019-04-04-18:29:40,24.8,91.0489,69.7598,0,29.6336,72.0,71.25388
2019-04-04-18:29:45,24.8,90.8807,69.9576,0,29.6336,72.0,71.25388
2019-04-04-18:29:50,24.8,90.7191,69.8157,0,29.6336,72.0,71.25388
2019-04-04-18:29:55,24.8,90.7191,70.0952,0,29.6336,72.0,71.25388
2019-04-04-18:30:00,24.8,90.7191,70.1614,0,29.6336,72.0,71.25388
2019-04-04-18:30:05,24.8,90.7191,69.978,0,29.6336,72.0,71.25388
2019-04-04-18:30:10,24.8,90.8783,70.0237,0,29.6336,72.0,71.25388
2019-04-04-18:30:15,24.8,90.6978,70.0631,0,29.6336,72.0,71.25388
2019-04-04-18:30:20,24.8,90.6978,69.7651,0,29.6336,72.0,71.25388
2019-04-04-18:30:25,24.8,90.8655,69.7387,0,29.6336,72.0,71.25388
2019-04-04-18:30:30,24.8,90.7064,69.7869,0,29.6336,72.0,71.25388
2019-04-04-18:30:35,24.8,90.6764,69.7219,0,29.6336,72.0,71.25388
2019-04-04-18:30:40,24.8,90.7019,69.8768,0,29.6336,72.0,71.25388
2019-04-04-18:30:45,24.8,90.7083,69.883,0,29.6336,72.0,71.25388
2019-04-04-18:30:50,24.8,90.6837,69.7593,0,29.6336,72.0,71.25388
2019-04-04-18:30:55,24.8,90.6738,70.0228,0,29.6336,72.0,71.25388
2019-04-04-18:31:00,24.8,90.7232,69.8974,0,29.6336,72.0,71.25388
2019-04-04-18:31:05,24.8,90.5531,69.7006,0,29.6336,72.0,71.25388
2019-04-04-18:31:10,24.8,90.7175,69.6815,0,29.6336,72.0,71.25388
2019-04-04-18:31:15,24.8,90.7175,69.7031,0,29.6336,72.0,71.25388
2019-04-04-18:31:20,24.8,90.7164,69.7252,0,29.6336,72.0,71.25388
2019-04-04-18:31:25,24.8,90.7164,69.7113,0,29.6336,72.0,71.25388
2019-04-04-18:31:30,24.8,90.4347,69.7121,0,29.6336,72.0,71.25388
2019-04-04-18:31:35,24.8,90.4589,69.6713,0,29.6336,72.0,71.25388
2019-04-04-18:31:40,24.8,90.5418,69.6851,0,29.6336,72.0,71.25388
2019-04-04-18:31:45,24.8,90.8062,69.6934,0,29.6336,72.0,71.25388
2019-04-04-18:31:50,24.8,90.6769,69.7061,0,29.6336,72.0,71.25388
2019-04-04-18:31:55,24.8,90.8854,69.8618,0,29.6336,72.0,71.25388
2019-04-04-18:32:00,24.8,90.6806,69.7449,0,29.6336,72.0,71.25388
2019-04-04-18:32:05,24.8,90.689,69.6699,0,29.6336,72.0,71.25388
2019-04-04-18:32:10,24.8,90.5659,69.6965,0,29.6336,72.0,71.25388
2019-04-04-18:32:15,24.8,90.432,69.6965,0,29.6336,72.0,71.25388
2019-04-04-18:32:20,24.8,90.4672,69.7194,0,29.6336,72.0,71.25388
2019-04-04-18:32:25,24.8,90.7444,69.8617,0,29.6336,72.0,71.25388
2019-04-04-18:32:30,24.8,90.6166,69.8725,0,29.6336,72.0,71.25388
2019-04-04-18:32:35,24.8,90.6906,69.8264,0,29.6336,72.0,71.25388
2019-04-04-18:32:40,24.8,90.6714,69.789,0,29.6336,72.0,71.25388
2019-04-04-18:32:45,24.8,90.6644,69.6817,0,29.6336,72.0,71.25388
2019-04-04-18:32:50,24.8,90.6224,70.0544,0,29.6336,72.0,71.25388
2019-04-04-18:32:55,24.8,90.6273,69.8338,0,29.6336,72.0,71.25388
2019-04-04-18:33:00,24.8,90.6398,69.699,0,29.6336,72.0,71.25388
2019-04-04-18:33:05,24.8,90.6525,69.771,0,29.6336,72.0,71.25388
2019-04-04-18:33:10,24.8,90.4986,69.7494,0,29.6336,72.0,71.25388
2019-04-04-18:33:15,24.8,90.52,69.6689,0,29.6336,72.0,71.25388
2019-04-04-18:33:20,24.8,90.4438,69.8212,0,29.6336,72.0,71.25388
2019-04-04-18:33:25,24.8,90.6657,69.6796,0,29.6336,72.0,71.25388
2019-04-04-18:33:30,24.8,90.4783,69.6725,0,29.6336,72.0,71.25388
2019-04-04-18:33:35,24.8,90.44,69.8685,0,29.6336,72.0,71.25388
2019-04-04-18:33:40,24.8,90.379,69.6785,0,29.6336,72.0,71.25388
2019-04-04-18:33:45,24.8,90.6055,69.7335,0,29.6336,72.0,71.25388
2019-04-04-18:33:50,24.8,90.3798,69.48,0,29.6336,72.0,71.25388
2019-04-04-18:33:55,24.8,90.5116,69.7668,0,29.6336,72.0,71.25388
2019-04-04-18:34:00,24.8,90.6044,69.7668,0,29.6336,72.0,71.25388
2019-04-04-18:34:05,24.8,90.6044,69.6781,0,29.6336,72.0,71.25388
2019-04-04-18:34:10,24.8,90.7521,69.779,0,29.6336,72.0,71.25388
2019-04-04-18:34:15,24.8,90.5805,69.6739,0,29.6336,72.0,71.25388
2019-04-04-18:34:20,24.8,90.5504,69.6703,0,29.6336,72.0,71.25388
2019-04-04-18:34:25,24.8,90.5052,69.6703,0,29.6336,72.0,71.25388
2019-04-04-18:34:30,24.8,90.5435,69.676,0,29.6336,72.0,71.25388
2019-04-04-18:34:35,24.8,90.3979,69.667,0,29.6336,72.0,71.25388
2019-04-04-18:34:40,24.8,90.3979,69.6749,0,29.6336,72.0,71.25388
2019-04-04-18:34:45,24.8,90.7093,69.877,0,29.6336,72.0,71.25388
2019-04-04-18:34:50,24.8,90.4382,69.8238,0,29.6336,72.0,71.25388
2019-04-04-18:34:55,24.8,90.4076,69.7795,0,29.6336,72.0,71.25388
2019-04-04-18:35:00,24.8,90.6165,69.7297,0,29.6336,72.0,71.25388
2019-04-04-18:35:05,24.8,90.433,69.6812,0,29.6336,72.0,71.25388
2019-04-04-18:35:10,24.8,90.3185,69.7552,0,29.6336,72.0,71.25388
2019-04-04-18:35:15,24.8,90.3159,69.7483,0,29.6336,72.0,71.25388
2019-04-04-18:35:20,24.8,90.3361,69.7437,0,29.6336,72.0,71.25388
2019-04-04-18:35:25,24.8,90.4701,69.7459,0,29.6336,72.0,71.25388
2019-04-04-18:35:30,24.8,90.4786,69.7368,0,29.6336,72.0,71.25388
2019-04-04-18:35:35,24.8,90.5141,69.7624,0,29.6336,72.0,71.25388
2019-04-04-18:35:40,24.8,90.4274,69.67,0,29.6336,72.0,71.25388
2019-04-04-18:35:45,24.8,90.4274,69.6765,0,29.6336,72.0,71.25388
2019-04-04-18:35:50,24.8,90.5161,69.6792,0,29.6336,72.0,71.25388
2019-04-04-18:35:55,24.8,90.324,69.4001,0,29.6336,72.0,71.25388
2019-04-04-18:36:00,24.8,90.4314,69.6985,0,29.6336,72.0,71.25388
2019-04-04-18:36:05,24.8,90.5536,69.6985,0,29.6336,72.0,71.25388
2019-04-04-18:36:10,24.8,90.4066,69.6296,0,29.6336,72.0,71.25388
2019-04-04-18:36:15,24.8,90.2958,69.4884,0,29.6336,72.0,71.25388
2019-04-04-18:36:20,24.8,90.2984,69.2808,0,29.6336,72.0,71.25388
2019-04-04-18:36:25,24.8,90.3109,69.7159,0,29.6336,72.0,71.25388
2019-04-04-18:36:30,24.8,90.3115,69.6732,0,29.6336,72.0,71.25388
2019-04-04-18:36:35,24.8,90.3074,69.3275,0,29.6336,72.0,71.25388
2019-04-04-18:36:40,24.8,90.4694,69.3251,0,29.6336,72.0,71.25388
2019-04-04-18:36:45,24.8,90.3578,69.6729,0,29.6336,72.0,71.25388
2019-04-04-18:36:50,24.8,90.3578,69.6823,0,29.6336,72.0,71.25388
2019-04-04-18:36:55,24.8,90.3027,69.5341,0,29.6336,72.0,71.25388
2019-04-04-18:37:00,24.8,90.4234,69.6607,0,29.6336,72.0,71.25388
2019-04-04-18:37:05,24.8,90.3055,69.322,0,29.6336,72.0,71.25388
2019-04-04-18:37:10,24.8,90.5877,69.5939,0,29.6336,72.0,71.25388
2019-04-04-18:37:15,24.8,90.307,69.4258,0,29.6336,72.0,71.25388
2019-04-04-18:37:20,24.8,90.3122,69.3704,0,29.6336,72.0,71.25388
2019-04-04-18:37:25,24.8,90.4149,69.301,0,29.6336,72.0,71.25388
2019-04-04-18:37:30,24.8,90.4616,69.2788,0,29.6336,72.0,71.25388
2019-04-04-18:37:35,24.8,90.2907,69.6161,0,29.6336,72.0,71.25388
2019-04-04-18:37:40,24.8,90.3117,69.6161,0,29.6336,72.0,71.25388
2019-04-04-18:37:45,24.8,90.4938,69.3884,0,29.6336,72.0,71.25388
2019-04-04-18:37:50,24.8,90.3375,69.4236,0,29.6336,72.0,71.25388
2019-04-04-18:37:55,24.8,90.3175,69.4505,0,29.6336,72.0,71.25388
2019-04-04-18:38:00,24.8,90.3835,69.3038,0,29.6336,72.0,71.25388
2019-04-04-18:38:05,24.8,90.1804,69.2824,0,29.6336,72.0,71.25388
2019-04-04-18:38:10,24.8,90.2928,69.3006,0,29.6336,72.0,71.25388
2019-04-04-18:38:15,24.8,90.2928,69.3246,0,29.6336,72.0,71.25388
2019-04-04-18:38:20,24.8,90.1832,69.4105,0,29.6336,72.0,71.25388
2019-04-04-18:38:25,24.8,90.3335,69.6448,0,29.6336,72.0,71.25388
2019-04-04-18:38:30,24.8,90.3335,69.727,0,29.6336,72.0,71.25388
2019-04-04-18:38:35,24.8,90.3335,69.2895,0,29.6336,72.0,71.25388
2019-04-04-18:38:40,24.8,90.3335,69.4063,0,29.6336,72.0,71.25388
2019-04-04-18:38:45,24.8,90.3171,69.3375,0,29.6336,72.0,71.25388
2019-04-04-18:38:50,24.8,90.3582,69.3375,0,29.6336,72.0,71.25388
2019-04-04-18:38:55,24.8,90.331,69.3375,0,29.6336,72.0,71.25388
2019-04-04-18:39:00,24.8,90.3194,69.289,0,29.6336,72.0,71.25388
2019-04-04-18:39:05,24.8,90.3194,69.2997,0,29.6336,72.0,71.25388
2019-04-04-18:39:10,24.8,90.3605,69.2784,0,29.6336,72.0,71.25388
2019-04-04-18:39:15,24.8,90.2019,69.274,0,29.6336,72.0,71.25388
2019-04-04-18:39:20,24.8,90.0836,69.3187,0,29.6336,72.0,71.25388
2019-04-04-18:39:25,24.8,90.1571,69.2796,0,29.6336,72.0,71.25388
2019-04-04-18:39:30,24.8,90.3407,69.4326,0,29.6336,72.0,71.25388
2019-04-04-18:39:35,24.8,90.3446,69.2927,0,29.6336,72.0,71.25388
2019-04-04-18:39:40,24.8,90.3367,69.2927,0,29.6336,72.0,71.25388
2019-04-04-18:39:45,24.8,90.3927,69.4702,0,29.6336,72.0,71.25388
2019-04-04-18:39:50,24.8,90.5886,69.2991,0,29.6336,72.0,71.25388
2019-04-04-18:39:55,24.8,90.2426,69.441,0,29.6336,72.0,71.25388
2019-04-04-18:40:00,24.8,90.2609,69.3498,0,29.6336,72.0,71.25388
2019-04-04-18:40:05,24.8,90.2747,69.5611,0,29.6336,72.0,71.25388
2019-04-04-18:40:10,24.8,90.2258,69.4181,0,29.6336,72.0,71.25388
2019-04-04-18:40:15,24.8,90.0681,69.3839,0,29.6336,72.0,71.25388
2019-04-04-18:40:20,24.8,90.1785,69.3006,0,29.6336,72.0,71.25388
2019-04-04-18:40:25,24.8,90.0345,69.2992,0,29.6336,72.0,71.25388
2019-04-04-18:40:30,24.8,90.2096,69.6021,0,29.6336,72.0,71.25388
2019-04-04-18:40:35,24.8,89.992,69.5718,0,29.6336,72.0,71.25388
2019-04-04-18:40:40,24.8,90.2171,69.3866,0,29.6336,72.0,71.25388
2019-04-04-18:40:45,24.8,90.0111,69.5294,0,29.6336,72.0,71.25388
2019-04-04-18:40:50,24.8,90.021,69.4724,0,29.6336,72.0,71.25388
2019-04-04-18:40:55,24.8,90.286,69.2844,0,29.6336,72.0,71.25388
2019-04-04-18:41:00,24.8,90.1471,69.2975,0,29.6336,72.0,71.25388
2019-04-04-18:41:05,24.8,90.0585,69.2748,0,29.6336,72.0,71.25388
2019-04-04-18:41:10,24.8,90.0095,69.2674,0,29.6336,72.0,71.25388
2019-04-04-18:41:15,24.8,90.1099,69.1682,0,29.6336,72.0,71.25388
2019-04-04-18:41:20,24.8,90.1551,69.4197,0,29.6336,72.0,71.25388
2019-04-04-18:41:25,24.8,90.0067,69.303,0,29.6336,72.0,71.25388
2019-04-04-18:41:30,24.8,90.0249,69.2809,0,29.6336,72.0,71.25388
2019-04-04-18:41:35,24.8,90.1345,69.2812,0,29.6336,72.0,71.25388
2019-04-04-18:41:40,24.8,89.9677,69.2972,0,29.6336,72.0,71.25388
2019-04-04-18:41:45,24.8,90.1902,68.9649,0,29.6336,72.0,71.25388
2019-04-04-18:41:50,24.8,90.0334,69.3576,0,29.6336,72.0,71.25388
2019-04-04-18:41:55,24.8,90.0459,69.4762,0,29.6336,72.0,71.25388
2019-04-04-18:42:00,24.8,90.3369,69.3635,0,29.6336,72.0,71.25388
2019-04-04-18:42:05,24.8,90.0284,69.2122,0,29.6336,72.0,71.25388
2019-04-04-18:42:10,24.8,90.1429,69.351,0,29.6336,72.0,71.25388
2019-04-04-18:42:15,24.8,90.0549,69.351,0,29.6336,72.0,71.25388
2019-04-04-18:42:20,24.8,89.9683,69.365,0,29.6336,72.0,71.25388
2019-04-04-18:42:25,24.8,89.9696,69.2925,0,29.6336,72.0,71.25388
2019-04-04-18:42:30,24.8,89.9782,69.4499,0,29.6336,72.0,71.25388
2019-04-04-18:42:35,24.8,90.0283,69.4492,0,29.6336,72.0,71.25388
2019-04-04-18:42:40,24.8,90.0352,69.4279,0,29.6336,72.0,71.25388
2019-04-04-18:42:45,24.8,90.0352,69.4105,0,29.6336,72.0,71.25388
2019-04-04-18:42:50,24.8,90.0352,69.1845,0,29.6336,72.0,71.25388
2019-04-04-18:42:55,24.8,89.947,69.337,0,29.6336,72.0,71.25388
2019-04-04-18:43:00,24.8,89.948,69.3123,0,29.6336,72.0,71.25388
2019-04-04-18:43:05,24.8,89.9474,69.3871,0,29.6336,72.0,71.25388
2019-04-04-18:43:10,24.8,90.1932,69.3627,0,29.6336,72.0,71.25388
2019-04-04-18:43:15,24.8,90.0594,68.9745,0,29.6336,72.0,71.25388
2019-04-04-18:43:20,24.8,90.0951,69.151,0,29.6336,72.0,71.25388
2019-04-04-18:43:25,24.8,90.1262,68.9246,0,29.6336,72.0,71.25388
2019-04-04-18:43:30,24.8,90.0807,68.9206,0,29.6336,72.0,71.25388
2019-04-04-18:43:35,24.8,89.9494,69.3763,0,29.6336,72.0,71.25388
2019-04-04-18:43:40,24.8,89.9366,69.2651,0,29.6336,72.0,71.25388
2019-04-04-18:43:45,24.8,89.9366,69.1687,0,29.6336,72.0,71.25388
2019-04-04-18:43:50,24.8,89.9576,69.1298,0,29.6336,72.0,71.25388
2019-04-04-18:43:55,24.8,89.9576,69.2688,0,29.6336,72.0,71.25388
2019-04-04-18:44:00,24.8,89.9576,69.0079,0,29.6336,72.0,71.25388
2019-04-04-18:44:05,24.8,89.9704,68.9231,0,29.6336,72.0,71.25388
2019-04-04-18:44:10,24.8,90.0708,68.9231,0,29.6336,72.0,71.25388
2019-04-04-18:44:15,24.8,89.9986,69.265,0,29.6336,72.0,71.25388
2019-04-04-18:44:20,24.8,90.1998,68.9687,0,29.6336,72.0,71.25388
2019-04-04-18:44:25,24.8,90.0948,69.097,0,29.6336,72.0,71.25388
2019-04-04-18:44:30,24.8,90.1236,68.932,0,29.6336,72.0,71.25388
2019-04-04-18:44:35,24.8,89.931,69.0865,0,29.6336,72.0,71.25388
2019-04-04-18:44:40,24.8,89.9479,68.98,0,29.6336,72.0,71.25388
2019-04-04-18:44:45,24.8,89.9156,69.1147,0,29.6336,72.0,71.25388
2019-04-04-18:44:50,24.8,89.9335,69.2846,0,29.6336,72.0,71.25388
2019-04-04-18:44:55,24.8,89.9335,69.2598,0,29.6336,72.0,71.25388
2019-04-04-18:45:00,24.8,89.9335,69.0571,0,29.6336,72.0,71.25388
2019-04-04-18:45:05,24.8,90.0181,69.1992,0,29.6336,72.0,71.25388
2019-04-04-18:45:10,24.8,89.9107,68.9739,0,29.6336,72.0,71.25388
2019-04-04-18:45:15,24.8,89.9107,69.2814,0,29.6336,72.0,71.25388
2019-04-04-18:45:20,24.8,89.784,69.3448,0,29.6336,72.0,71.25388
2019-04-04-18:45:25,24.8,90.0173,69.2149,0,29.6336,72.0,71.25388
2019-04-04-18:45:30,24.8,89.924,69.0732,0,29.6336,72.0,71.25388
2019-04-04-18:45:35,24.8,89.8748,68.9212,0,29.6336,72.0,71.25388
2019-04-04-18:45:40,24.8,89.9267,69.0084,0,29.6336,72.0,71.25388
2019-04-04-18:45:45,24.8,89.8801,68.9745,0,29.6336,72.0,71.25388
2019-04-04-18:45:50,24.8,89.9398,69.0861,0,29.6336,72.0,71.25388
2019-04-04-18:45:55,24.8,90.0116,69.1168,0,29.6336,72.0,71.25388
2019-04-04-18:46:00,24.8,89.8415,69.1064,0,29.6336,72.0,71.25388
2019-04-04-18:46:05,24.8,89.7821,69.0998,0,29.6336,72.0,71.25388
2019-04-04-18:46:10,24.8,90.0507,68.9131,0,29.6336,72.0,71.25388
2019-04-04-18:46:15,24.8,89.9316,69.0079,0,29.6336,72.0,71.25388
2019-04-04-18:46:20,24.8,89.9316,69.0079,0,29.6336,72.0,71.25388
2019-04-04-18:46:25,24.8,89.8174,68.9129,0,29.6336,72.0,71.25388
2019-04-04-18:46:30,24.8,89.963,69.0156,0,29.6336,72.0,71.25388
2019-04-04-18:46:35,24.8,90.0179,68.9114,0,29.6336,72.0,71.25388
2019-04-04-18:46:40,24.8,90.034,68.9097,0,29.6336,72.0,71.25388
2019-04-04-18:46:45,24.8,90.0465,68.9097,0,29.6336,72.0,71.25388
2019-04-04-18:46:50,24.8,90.0996,68.956,0,29.6336,72.0,71.25388
2019-04-04-18:46:55,24.8,89.8724,68.956,0,29.6336,72.0,71.25388
2019-04-04-18:47:00,24.8,90.0459,68.959,0,29.6336,72.0,71.25388
2019-04-04-18:47:05,24.8,89.9949,68.9378,0,29.6336,72.0,71.25388
2019-04-04-18:47:10,24.8,89.9949,69.1543,0,29.6336,72.0,71.25388
2019-04-04-18:47:15,24.8,89.9742,68.9745,0,29.6336,72.0,71.25388
2019-04-04-18:47:20,24.8,89.8858,68.9745,0,29.6336,72.0,71.25388
2019-04-04-18:47:25,24.8,89.8858,68.9745,0,29.6336,72.0,71.25388
2019-04-04-18:47:30,24.8,89.7065,68.9199,0,29.6336,72.0,71.25388
2019-04-04-18:47:35,24.8,89.8079,68.9199,0,29.6336,72.0,71.25388
2019-04-04-18:47:40,24.8,89.8079,69.0498,0,29.6336,64.0,68.19388
2019-04-04-18:47:45,24.8,89.8079,68.9282,0,29.6336,64.0,64.88516
2019-04-04-18:47:50,24.8,89.8079,68.9158,0,29.6336,64.0,64.88516
2019-04-04-18:47:55,24.8,89.8769,68.9315,0,29.6336,64.0,64.88516
2019-04-04-18:48:00,24.8,89.6358,68.9493,0,29.6336,64.0,64.88516
2019-04-04-18:48:05,24.8,89.8607,69.0296,0,29.6336,64.0,64.88516
2019-04-04-18:48:10,24.8,89.8293,68.9274,0,29.6336,64.0,64.88516
2019-04-04-18:48:15,24.8,89.9182,68.9127,0,29.6336,64.0,64.88516
2019-04-04-18:48:20,24.8,89.6899,69.082,0,29.6336,64.0,64.88516
2019-04-04-18:48:25,24.8,89.6974,68.9077,0,29.6336,64.0,64.88516
2019-04-04-18:48:30,24.8,89.8758,69.0589,0,29.6336,64.0,64.88516
2019-04-04-18:48:35,24.8,89.6238,68.9188,0,29.6336,64.0,64.88516
2019-04-04-18:48:40,26.8,89.9011,68.9188,0,29.6336,64.0,64.88516
2019-04-04-18:48:45,26.8,89.7461,69.003,0,29.6336,64.0,64.88516
2019-04-04-18:48:50,26.8,89.7231,68.9306,0,29.6336,64.0,64.88516
2019-04-04-18:48:55,26.8,89.7231,68.9306,0,29.6336,64.0,64.88516
2019-04-04-18:49:00,28.8,89.857,68.9172,0,29.6336,64.0,64.88516
2019-04-04-18:49:05,28.8,89.8057,68.9125,0,29.6336,64.0,64.88516
2019-04-04-18:49:10,28.8,89.8057,68.9247,0,29.6336,64.0,64.88516
2019-04-04-18:49:15,28.8,90.062,69.1193,0,29.6336,64.0,64.88516
2019-04-04-18:49:20,30.8,89.9847,69.1841,0,29.6336,64.0,64.88516
2019-04-04-18:49:25,30.8,89.9009,68.9249,0,29.6336,64.0,64.88516
2019-04-04-18:49:30,30.8,89.9272,69.0816,0,29.6336,64.0,64.88516
2019-04-04-18:49:35,30.8,89.7845,69.0326,0,29.6336,64.0,64.88516
2019-04-04-18:49:40,32.8,89.9768,68.9227,0,29.6336,64.0,64.88516
2019-04-04-18:49:45,32.8,89.8572,68.9579,0,29.6336,64.0,64.88516
2019-04-04-18:49:50,32.8,89.8993,68.9378,0,29.6336,64.0,64.88516
2019-04-04-18:49:55,32.8,89.9396,69.1454,0,29.6336,64.0,64.88516
2019-04-04-18:50:00,34.8,89.8236,68.9151,0,29.6336,64.0,64.88516
2019-04-04-18:50:05,34.8,89.9999,68.9941,0,29.6336,64.0,64.88516
2019-04-04-18:50:10,34.8,89.8995,69.1336,0,29.6336,64.0,64.88516
2019-04-04-18:50:15,34.8,89.9233,69.2163,0,29.6336,64.0,64.88516
2019-04-04-18:50:20,36.8,89.8983,69.188,0,29.6336,64.0,64.88516
2019-04-04-18:50:25,36.8,89.8533,69.0015,0,29.6336,64.0,64.88516
2019-04-04-18:50:30,36.8,89.9285,68.957,0,29.6336,64.0,64.88516
2019-04-04-18:50:35,36.8,90.0622,69.0711,0,29.6336,64.0,64.88516
2019-04-04-18:50:40,38.8,89.9178,68.9747,0,29.6336,64.0,64.88516
2019-04-04-18:50:45,38.8,89.9471,69.0831,0,29.6336,64.0,64.88516
2019-04-04-18:50:50,38.8,89.9563,69.2581,0,29.6336,64.0,64.88516
2019-04-04-18:50:55,38.8,90.0566,69.2855,0,29.6336,64.0,64.88516
2019-04-04-18:51:00,40.8,90.0268,69.3048,0,29.6336,64.0,64.88516
2019-04-04-18:51:05,40.8,89.9594,69.0858,0,29.6336,64.0,64.88516
2019-04-04-18:51:10,40.8,90.0739,69.1075,0,29.6336,64.0,64.88516
2019-04-04-18:51:15,40.8,89.9913,69.2646,0,29.6336,64.0,64.88516
2019-04-04-18:51:20,42.8,90.0452,69.2646,0,29.6336,64.0,64.88516
2019-04-04-18:51:25,42.8,90.2278,69.2646,0,29.6336,64.0,64.88516
2019-04-04-18:51:30,42.8,90.4706,69.4611,0,29.6336,64.0,64.88516
2019-04-04-18:51:35,42.8,90.3925,69.3091,0,29.6336,64.0,64.88516
2019-04-04-18:51:40,44.8,90.3044,69.2902,0,29.6336,64.0,64.88516
2019-04-04-18:51:45,44.8,90.3974,69.2794,0,29.6336,64.0,64.88516
2019-04-04-18:51:50,44.8,90.3974,69.4947,0,29.6336,64.0,64.88516
2019-04-04-18:51:55,44.8,90.4006,69.7772,0,29.6336,64.0,64.88516
2019-04-04-18:52:00,46.8,90.2778,69.7075,0,29.6336,64.0,64.88516
2019-04-04-18:52:05,46.8,90.4006,69.7062,0,29.6336,64.0,64.88516
2019-04-04-18:52:10,46.8,90.3869,69.7062,0,29.6336,64.0,64.88516
2019-04-04-18:52:15,46.8,90.4504,69.7062,0,29.6336,64.0,64.88516
2019-04-04-18:52:20,48.8,90.6707,69.7062,0,29.6336,64.0,64.88516
2019-04-04-18:52:25,48.8,90.6286,69.7568,0,29.7339,64.0,64.88516
2019-04-04-18:52:30,48.8,90.5747,69.9202,0,29.7339,64.0,64.88516
2019-04-04-18:52:35,48.8,90.6944,69.8116,0,29.7339,64.0,64.88516
2019-04-04-18:52:40,50.8,90.858,69.9756,0,29.7339,64.0,64.88516
2019-04-04-18:52:45,50.8,90.8894,69.9369,0,29.7339,64.0,64.88516
2019-04-04-18:52:50,50.8,90.7888,70.0284,0,29.7339,64.0,64.88516
2019-04-04-18:52:55,50.8,90.8498,70.0182,0,29.7339,64.0,64.88516
2019-04-04-18:53:00,52.8,90.8038,70.1386,0,29.7339,64.0,64.88516
2019-04-04-18:53:05,52.8,91.0164,70.1194,0,29.7339,64.0,64.88516
2019-04-04-18:53:10,52.8,91.0386,70.1505,0,29.7339,64.0,64.88516
2019-04-04-18:53:15,52.8,91.1024,70.1505,0,29.7339,64.0,64.88516
2019-04-04-18:53:20,54.8,91.2138,70.1456,0,29.8342,64.0,64.88516
2019-04-04-18:53:25,54.8,91.2068,70.1557,0,29.8342,64.0,64.88516
2019-04-04-18:53:30,54.8,91.1092,70.4025,0,29.8342,64.0,64.88516
2019-04-04-18:53:35,54.8,91.1217,70.5304,0,29.8342,64.0,64.88516
2019-04-04-18:53:40,56.8,91.4072,70.4228,0,29.8342,64.0,64.88516
2019-04-04-18:53:45,56.8,91.6327,70.4411,0,29.8342,64.0,64.88516
2019-04-04-18:53:50,56.8,91.6735,70.7322,0,29.8342,64.0,64.88516
2019-04-04-18:53:55,56.8,91.8567,70.786,0,29.8342,64.0,64.88516
2019-04-04-18:54:00,58.8,91.851,70.7703,0,29.8342,64.0,64.88516
2019-04-04-18:54:05,58.8,91.5787,70.8772,0,29.8342,64.0,64.88516
2019-04-04-18:54:10,58.8,91.8381,70.8772,0,29.9351,64.0,64.88516
2019-04-04-18:54:15,58.8,91.8952,70.7802,0,29.9351,64.0,64.88516
2019-04-04-18:54:20,60.8,92.1872,70.8255,0,29.9351,64.0,64.88516
2019-04-04-18:54:25,60.8,92.1048,70.8245,0,29.9351,64.0,64.88516
2019-04-04-18:54:30,60.8,91.8868,71.2395,0,29.9351,64.0,64.88516
2019-04-04-18:54:35,60.8,92.0392,71.2814,0,29.9351,64.0,64.88516
2019-04-04-18:54:40,62.8,92.3869,71.2814,0,29.9351,64.0,64.88516
2019-04-04-18:54:45,62.8,92.3054,71.5575,0,30.0377,64.0,64.88516
2019-04-04-18:54:50,62.8,92.2975,71.4044,0,30.0377,64.0,64.88516
2019-04-04-18:54:55,62.8,92.4438,71.6902,0,30.0377,64.0,64.88516
2019-04-04-18:55:00,60.8,92.6171,71.7355,0,30.0377,64.0,64.88516
2019-04-04-18:55:05,60.8,92.7438,71.6694,0,30.0377,64.0,64.88516
2019-04-04-18:55:10,60.8,92.6769,71.5469,0,30.0377,64.0,64.88516
2019-04-04-18:55:15,60.8,92.8206,71.7874,0,30.0377,64.0,64.88516
2019-04-04-18:55:20,58.8,92.7899,72.1077,0,30.0377,64.0,64.88516
2019-04-04-18:55:25,58.8,92.9106,72.0225,0,30.0377,64.0,64.88516
2019-04-04-18:55:30,58.8,92.8906,72.0132,0,30.0377,64.0,64.88516
2019-04-04-18:55:35,58.8,93.0194,72.2125,0,30.139,64.0,64.88516
2019-04-04-18:55:40,56.8,93.1995,72.0603,0,30.139,64.0,64.88516
2019-04-04-18:55:45,56.8,93.0137,72.304,0,30.139,64.0,64.88516
2019-04-04-18:55:50,56.8,93.2606,72.304,0,30.139,64.0,64.88516
2019-04-04-18:55:55,56.8,93.2606,72.304,0,30.139,64.0,64.88516
2019-04-04-18:56:00,54.8,93.3875,72.6451,0,30.139,64.0,64.88516
2019-04-04-18:56:05,54.8,93.477,72.6015,0,30.139,64.0,64.88516
2019-04-04-18:56:10,54.8,93.7374,72.839,0,30.139,64.0,64.88516
2019-04-04-18:56:15,54.8,93.3791,72.6492,0,30.139,64.0,64.88516
2019-04-04-18:56:20,52.8,93.6673,72.6551,0,30.139,64.0,64.88516
2019-04-04-18:56:25,52.8,93.7014,72.9938,0,30.139,64.0,64.88516
2019-04-04-18:56:30,52.8,93.8115,72.768,0,30.139,64.0,64.88516
2019-04-04-18:56:35,52.8,93.7789,72.7223,0,30.139,64.0,64.88516
2019-04-04-18:56:40,50.8,93.6185,72.9535,0,30.139,64.0,64.88516
2019-04-04-18:56:45,50.8,93.7616,72.9338,0,30.139,64.0,64.88516
2019-04-04-18:56:50,50.8,93.7777,73.0537,0,30.139,64.0,64.88516
2019-04-04-18:56:55,50.8,93.8822,72.9838,0,30.139,64.0,64.88516
2019-04-04-18:57:00,49.3478,93.9519,73.0264,0,30.139,64.0,64.88516
2019-04-04-18:57:05,49.3478,94.0682,73.1872,0,30.139,64.0,64.88516
2019-04-04-18:57:10,49.3478,94.267,73.3336,0,30.139,64.0,64.88516
2019-04-04-18:57:15,49.3478,94.0738,73.3349,0,30.139,64.0,64.88516
2019-04-04-18:57:20,47.3478,94.102,73.4877,0,30.139,64.0,64.88516
2019-04-04-18:57:25,47.3478,94.1388,73.5026,0,30.139,64.0,64.88516
2019-04-04-18:57:30,47.3478,94.2391,73.5251,0,30.139,64.0,64.88516
2019-04-04-18:57:35,47.3478,94.1049,73.3005,0,30.139,64.0,64.88516
2019-04-04-18:57:40,45.5467,94.1667,73.4152,0,30.139,64.0,64.88516
2019-04-04-18:57:45,45.5467,94.4218,73.4797,0,30.139,64.0,64.88516
2019-04-04-18:57:50,45.5467,94.3568,73.4797,0,30.139,64.0,64.88516
2019-04-04-18:57:55,45.5467,94.2869,73.4797,0,30.139,64.0,64.88516
2019-04-04-18:58:00,43.5467,94.2061,73.6765,0,30.139,64.0,64.88516
2019-04-04-18:58:05,43.5467,94.2971,73.4669,0,30.139,64.0,64.88516
2019-04-04-18:58:10,43.5467,94.5768,73.8026,0,30.139,64.0,64.88516
2019-04-04-18:58:15,43.5467,94.4478,73.4673,0,30.139,64.0,64.88516
2019-04-04-18:58:20,41.5467,94.4399,73.672,0,30.139,64.0,64.88516
2019-04-04-18:58:25,41.5467,94.5641,73.7954,0,30.139,64.0,64.88516
2019-04-04-18:58:30,41.5467,94.8009,73.7852,0,30.139,64.0,64.88516
2019-04-04-18:58:35,41.5467,94.7946,73.7398,0,30.139,64.0,64.88516
2019-04-04-18:58:40,39.5467,94.7414,73.7398,0,30.139,64.0,64.88516
2019-04-04-18:58:45,39.5467,94.7563,73.9917,0,30.0384,64.0,64.88516
2019-04-04-18:58:50,39.5467,94.8401,73.8608,0,30.0384,64.0,64.88516
2019-04-04-18:58:55,39.5467,94.5818,73.867,0,30.0384,64.0,64.88516
2019-04-04-18:59:00,41.2066,94.6396,73.867,0,30.0384,64.0,64.88516
2019-04-04-18:59:05,41.2066,94.867,73.8992,0,30.0384,64.0,64.88516
2019-04-04-18:59:10,41.2066,94.8628,73.9995,0,30.0384,64.0,64.88516
2019-04-04-18:59:15,41.2066,94.7793,73.7994,0,30.0384,64.0,64.88516
2019-04-04-18:59:20,39.2066,94.7793,74.004,0,30.0384,64.0,64.88516
2019-04-04-18:59:25,39.2066,94.8154,74.2552,0,30.0384,64.0,64.88516
2019-04-04-18:59:30,39.2066,94.8177,74.243,0,30.0384,64.0,64.88516
2019-04-04-18:59:35,39.2066,94.8177,74.2311,0,30.0384,64.0,64.88516
2019-04-04-18:59:40,39.0213,94.826,74.4605,0,30.0384,64.0,64.88516
2019-04-04-18:59:45,39.0213,94.9506,74.2762,0,30.0384,64.0,64.88516
2019-04-04-18:59:50,39.0213,94.9506,74.1593,0,30.0384,64.0,64.88516
2019-04-04-18:59:55,39.0213,94.8692,74.1231,0,30.0384,64.0,64.88516
2019-04-04-19:00:00,38.5675,95.0035,74.2666,0,30.0384,64.0,64.88516
2019-04-04-19:00:05,38.5675,94.9046,74.4744,0,29.9372,64.0,64.88516
2019-04-04-19:00:10,38.5675,94.8998,74.4701,0,29.9372,64.0,64.88516
2019-04-04-19:00:15,38.5675,95.1096,74.1988,0,29.9372,64.0,64.88516
2019-04-04-19:00:20,36.5675,94.9878,74.1988,0,29.9372,64.0,64.88516
2019-04-04-19:00:25,36.5675,95.1037,74.1939,0,29.9372,64.0,64.88516
2019-04-04-19:00:30,36.5675,94.9136,74.1782,0,29.9372,64.0,64.88516
2019-04-04-19:00:35,36.5675,94.9621,74.1893,0,29.9372,64.0,64.88516
2019-04-04-19:00:40,35.2848,95.201,74.2011,0,29.9372,64.0,64.88516
2019-04-04-19:00:45,35.2848,95.1603,74.3601,0,29.9372,64.0,64.88516
2019-04-04-19:00:50,35.2848,95.1841,74.3359,0,29.9372,64.0,64.88516
2019-04-04-19:00:55,35.2848,95.315,74.2707,0,29.9372,64.0,64.88516
2019-04-04-19:01:00,34.8391,95.167,74.4569,0,29.9372,64.0,64.88516
2019-04-04-19:01:05,34.8391,95.1885,74.5666,0,29.9372,64.0,64.88516
2019-04-04-19:01:10,34.8391,95.1885,74.2873,0,29.9372,64.0,64.88516
2019-04-04-19:01:15,34.8391,95.348,74.4984,0,29.8346,64.0,64.88516
2019-04-04-19:01:20,32.8391,95.2083,74.6011,0,29.8346,64.0,64.88516
2019-04-04-19:01:25,32.8391,95.2083,74.547,0,29.8346,64.0,64.88516
2019-04-04-19:01:30,32.8391,95.2083,74.3322,0,29.8346,64.0,64.88516
2019-04-04-19:01:35,32.8391,95.4748,74.5801,0,29.8346,64.0,64.88516
2019-04-04-19:01:40,32.8391,95.5475,74.5457,0,29.8346,64.0,64.88516
2019-04-04-19:01:45,30.8391,95.4752,74.5511,0,29.8346,64.0,64.88516
2019-04-04-19:01:50,30.8391,95.4119,74.5476,0,29.8346,64.0,64.88516
2019-04-04-19:01:55,30.8391,95.2057,74.5476,0,29.8346,64.0,64.88516
2019-04-04-19:02:00,30.8391,95.3259,74.679,0,29.8346,64.0,64.88516
2019-04-04-19:02:05,28.8391,95.3259,74.5834,0,29.8346,64.0,64.88516
2019-04-04-19:02:10,28.8391,95.3259,74.547,0,29.8346,64.0,64.88516
2019-04-04-19:02:15,28.8391,95.5745,74.5895,0,29.8346,64.0,64.88516
2019-04-04-19:02:20,28.8391,95.2058,74.6447,0,29.8346,64.0,64.88516
2019-04-04-19:02:25,26.8391,95.3287,74.6447,0,29.8346,64.0,64.88516
2019-04-04-19:02:30,26.8391,95.2427,74.6061,0,29.8346,64.0,64.88516
2019-04-04-19:02:35,26.8391,95.2008,74.5603,0,29.8346,64.0,64.88516
2019-04-04-19:02:40,26.8391,95.3123,74.5603,0,29.7342,64.0,64.88516
2019-04-04-19:02:45,24.8391,95.2176,74.5603,0,29.7342,64.0,64.88516
2019-04-04-19:02:50,24.8391,95.2234,74.7006,0,29.7342,64.0,64.88516
2019-04-04-19:02:55,24.8391,95.1794,74.5495,0,29.7342,64.0,64.88516
2019-04-04-19:03:00,24.8391,95.2831,74.5578,0,29.7342,64.0,64.88516
2019-04-04-19:03:05,24.8391,95.2155,74.552,0,29.7342,64.0,64.88516
2019-04-04-19:03:10,24.8391,95.6004,74.552,0,29.7342,64.0,64.88516
2019-04-04-19:03:15,24.8391,95.3345,74.5336,0,29.7342,64.0,64.88516
2019-04-04-19:03:20,24.8391,95.3345,74.6644,0,29.7342,64.0,64.88516
2019-04-04-19:03:25,24.8391,95.3101,74.5571,0,29.7342,64.0,64.88516
2019-04-04-19:03:30,24.8391,95.235,74.6811,0,29.7342,64.0,64.88516
2019-04-04-19:03:35,24.8391,95.5228,74.5417,0,29.7342,64.0,64.88516
2019-04-04-19:03:40,24.8391,95.3371,74.5417,0,29.7342,64.0,64.88516
2019-04-04-19:03:45,24.8391,95.3205,74.5344,0,29.6337,64.0,64.88516
2019-04-04-19:03:50,24.8391,95.4351,74.5526,0,29.6337,64.0,64.88516
2019-04-04-19:03:55,24.8391,95.3323,74.6539,0,29.6337,64.0,64.88516
