Gradient,RF Heat Load,Pressure,Q0,,Averaged Q0
15.9917,15.0667411293,32.7878,2.17E+10,,2.18E+10
15.9917,15.0667411293,32.7878,2.17E+10,,
15.9917,15.0667411293,32.7878,2.17E+10,,
15.9917,15.0667411293,32.7878,2.17E+10,,
15.9814,15.0667411293,32.7878,2.17E+10,,
15.9814,15.0667411293,32.7878,2.17E+10,,
15.9929,15.0667411293,32.7878,2.17E+10,,
15.9929,15.0667411293,32.7878,2.17E+10,,
15.9929,15.0667411293,32.7878,2.17E+10,,
15.9929,15.0667411293,32.7878,2.17E+10,,
15.9929,15.0667411293,32.7878,2.17E+10,,
15.9929,15.0667411293,32.7878,2.17E+10,,
15.981,15.0667411293,32.7878,2.17E+10,,
15.9971,15.0667411293,32.7878,2.17E+10,,
15.9971,15.0667411293,32.7878,2.17E+10,,
15.9971,15.0667411293,32.7878,2.17E+10,,
15.9971,15.0667411293,32.7878,2.17E+10,,
15.9971,15.0667411293,32.7878,2.17E+10,,
15.9971,15.0667411293,32.7878,2.17E+10,,
15.9971,15.0667411293,32.7878,2.17E+10,,
15.9823,15.0667411293,32.7878,2.17E+10,,
15.9823,15.0667411293,32.7878,2.17E+10,,
15.9823,15.0667411293,32.7878,2.17E+10,,
15.9823,15.0667411293,32.7878,2.17E+10,,
15.9823,15.0667411293,32.7878,2.17E+10,,
15.9823,15.0667411293,32.7878,2.17E+10,,
15.9823,15.0667411293,32.7878,2.17E+10,,
15.9823,15.0667411293,32.7878,2.17E+10,,
16.003,15.0667411293,32.7878,2.18E+10,,
16.003,15.0667411293,32.7878,2.18E+10,,
16.003,15.0667411293,32.7878,2.18E+10,,
16.003,15.0667411293,32.7878,2.18E+10,,
16.003,15.0667411293,32.7878,2.18E+10,,
16.003,15.0667411293,32.7878,2.18E+10,,
16.003,15.0667411293,32.7878,2.18E+10,,
16.003,15.0667411293,32.7878,2.18E+10,,
16.0135,15.0667411293,32.7878,2.18E+10,,
16.0035,15.0667411293,32.7878,2.18E+10,,
16.0035,15.0667411293,32.7878,2.18E+10,,
16.0035,15.0667411293,32.7878,2.18E+10,,
16.0035,15.0667411293,32.7878,2.18E+10,,
16.0035,15.0667411293,32.7878,2.18E+10,,
16.0035,15.0667411293,32.7878,2.18E+10,,
16.0035,15.0667411293,32.7878,2.18E+10,,
15.9934,15.0667411293,32.7878,2.17E+10,,
15.9934,15.0667411293,32.7878,2.17E+10,,
15.9934,15.0667411293,32.7878,2.17E+10,,
15.9934,15.0667411293,32.7878,2.17E+10,,
15.9934,15.0667411293,32.7878,2.17E+10,,
15.9934,15.0667411293,32.7878,2.17E+10,,
16.009,15.0667411293,32.7878,2.18E+10,,
16.009,15.0667411293,32.7878,2.18E+10,,
16.009,15.0667411293,32.7878,2.18E+10,,
16.009,15.0667411293,32.7878,2.18E+10,,
16.009,15.0667411293,32.7878,2.18E+10,,
16.009,15.0667411293,32.7878,2.18E+10,,
16.009,15.0667411293,32.7878,2.18E+10,,
15.994,15.0667411293,32.7878,2.17E+10,,
15.994,15.0667411293,32.7878,2.17E+10,,
15.994,15.0667411293,32.7878,2.17E+10,,
15.994,15.0667411293,32.7878,2.17E+10,,
15.994,15.0667411293,32.7878,2.17E+10,,
15.994,15.0667411293,32.7878,2.17E+10,,
15.994,15.0667411293,32.7878,2.17E+10,,
15.994,15.0667411293,32.7878,2.17E+10,,
16.0107,15.0667411293,32.7878,2.18E+10,,
16.0107,15.0667411293,32.7878,2.18E+10,,
16.0107,15.0667411293,32.7878,2.18E+10,,
16.0107,15.0667411293,32.7878,2.18E+10,,
16.0107,15.0667411293,32.7878,2.18E+10,,
16.0107,15.0667411293,32.7878,2.18E+10,,
16.0107,15.0667411293,32.7878,2.18E+10,,
15.9967,15.0667411293,32.7878,2.17E+10,,
15.9967,15.0667411293,32.7878,2.17E+10,,
15.9967,15.0667411293,32.7878,2.17E+10,,
15.9967,15.0667411293,32.7878,2.17E+10,,
15.9967,15.0667411293,32.7878,2.17E+10,,
15.9967,15.0667411293,32.7878,2.17E+10,,
15.9967,15.0667411293,32.7878,2.17E+10,,
16.0069,15.0667411293,32.7878,2.18E+10,,
16.0069,15.0667411293,32.7878,2.18E+10,,
16.0069,15.0667411293,32.7878,2.18E+10,,
16.0069,15.0667411293,32.7878,2.18E+10,,
16.0069,15.0667411293,32.7878,2.18E+10,,
16.0069,15.0667411293,32.7878,2.18E+10,,
16.0069,15.0667411293,32.7878,2.18E+10,,
16.0069,15.0667411293,32.7878,2.18E+10,,
15.9958,15.0667411293,32.7878,2.17E+10,,
15.9958,15.0667411293,32.7878,2.17E+10,,
15.9958,15.0667411293,32.7878,2.17E+10,,
15.9842,15.0667411293,32.7878,2.17E+10,,
15.9842,15.0667411293,32.7878,2.17E+10,,
15.9842,15.0667411293,32.7878,2.17E+10,,
16,15.0667411293,32.7878,2.17E+10,,
16,15.0667411293,32.7878,2.17E+10,,
16,15.0667411293,32.7878,2.17E+10,,
16,15.0667411293,32.7878,2.17E+10,,
16,15.0667411293,32.7878,2.17E+10,,
16,15.0667411293,32.7878,2.17E+10,,
16,15.0667411293,32.7878,2.17E+10,,
16,15.0667411293,32.7878,2.17E+10,,
16,15.0667411293,32.7878,2.17E+10,,
16,15.0667411293,32.7878,2.17E+10,,
15.987,15.0667411293,32.7878,2.17E+10,,
15.987,15.0667411293,32.7878,2.17E+10,,
15.987,15.0667411293,32.7878,2.17E+10,,
15.987,15.0667411293,32.7878,2.17E+10,,
15.987,15.0667411293,32.7878,2.17E+10,,
15.987,15.0667411293,32.7878,2.17E+10,,
15.987,15.0667411293,32.7878,2.17E+10,,
15.987,15.0667411293,32.7878,2.17E+10,,
15.987,15.0667411293,32.7878,2.17E+10,,
15.987,15.0667411293,32.7878,2.17E+10,,
15.987,15.0667411293,32.7878,2.17E+10,,
15.987,15.0667411293,32.7878,2.17E+10,,
15.987,15.0667411293,32.7878,2.17E+10,,
15.9997,15.0667411293,32.7878,2.17E+10,,
15.9997,15.0667411293,32.7878,2.17E+10,,
15.9997,15.0667411293,32.7878,2.17E+10,,
15.9997,15.0667411293,32.7878,2.17E+10,,
16.044,15.0667411293,32.838,2.19E+10,,
16.044,15.0667411293,32.838,2.19E+10,,
16.044,15.0667411293,32.838,2.19E+10,,
16.044,15.0667411293,32.838,2.19E+10,,
16.0336,15.0667411293,32.838,2.19E+10,,
16.0336,15.0667411293,32.838,2.19E+10,,
16.0336,15.0667411293,32.838,2.19E+10,,
16.0336,15.0667411293,32.838,2.19E+10,,
16.0336,15.0667411293,32.838,2.19E+10,,
16.0336,15.0667411293,32.838,2.19E+10,,
16.0336,15.0667411293,32.838,2.19E+10,,
16.0318,15.0667411293,32.838,2.19E+10,,
16.0318,15.0667411293,32.838,2.19E+10,,
16.0318,15.0667411293,32.838,2.19E+10,,
16.0318,15.0667411293,32.838,2.19E+10,,
16.0318,15.0667411293,32.838,2.19E+10,,
16.0318,15.0667411293,32.838,2.19E+10,,
16.017,15.0667411293,32.838,2.18E+10,,
16.017,15.0667411293,32.838,2.18E+10,,
16.017,15.0667411293,32.838,2.18E+10,,
16.017,15.0667411293,32.838,2.18E+10,,
16.0289,15.0667411293,32.838,2.19E+10,,
16.0289,15.0667411293,32.838,2.19E+10,,
16.0289,15.0667411293,32.838,2.19E+10,,
16.0042,15.0667411293,32.838,2.18E+10,,
16.0042,15.0667411293,32.838,2.18E+10,,
16.0042,15.0667411293,32.838,2.18E+10,,
16.0042,15.0667411293,32.838,2.18E+10,,
16.0042,15.0667411293,32.838,2.18E+10,,
16.0042,15.0667411293,32.838,2.18E+10,,
16.0042,15.0667411293,32.838,2.18E+10,,
15.9884,15.0667411293,32.838,2.17E+10,,
15.9884,15.0667411293,32.838,2.17E+10,,
15.9884,15.0667411293,32.838,2.17E+10,,
15.9884,15.0667411293,32.838,2.17E+10,,
15.9884,15.0667411293,32.838,2.17E+10,,
15.9884,15.0667411293,32.838,2.17E+10,,
15.9884,15.0667411293,32.838,2.17E+10,,
15.9986,15.0667411293,32.838,2.18E+10,,
15.9986,15.0667411293,32.838,2.18E+10,,
15.9986,15.0667411293,32.838,2.18E+10,,
15.9986,15.0667411293,32.838,2.18E+10,,
15.9986,15.0667411293,32.838,2.18E+10,,
15.9986,15.0667411293,32.838,2.18E+10,,
15.9986,15.0667411293,32.838,2.18E+10,,
15.9986,15.0667411293,32.838,2.18E+10,,
15.9986,15.0667411293,32.838,2.18E+10,,
16.0087,15.0667411293,32.838,2.18E+10,,
16.0087,15.0667411293,32.838,2.18E+10,,
16.0087,15.0667411293,32.838,2.18E+10,,
16.0087,15.0667411293,32.838,2.18E+10,,
15.998,15.0667411293,32.838,2.18E+10,,
15.998,15.0667411293,32.838,2.18E+10,,
16.0102,15.0667411293,32.838,2.18E+10,,
16.0102,15.0667411293,32.838,2.18E+10,,
16.0102,15.0667411293,32.838,2.18E+10,,
16.0102,15.0667411293,32.838,2.18E+10,,
16.0102,15.0667411293,32.838,2.18E+10,,
16.0102,15.0667411293,32.838,2.18E+10,,
16.0102,15.0667411293,32.838,2.18E+10,,
15.9968,15.0667411293,32.838,2.18E+10,,
15.9968,15.0667411293,32.838,2.18E+10,,
15.9968,15.0667411293,32.838,2.18E+10,,
15.9968,15.0667411293,32.838,2.18E+10,,
15.9968,15.0667411293,32.838,2.18E+10,,
15.9968,15.0667411293,32.838,2.18E+10,,
15.9968,15.0667411293,32.838,2.18E+10,,
15.9828,15.0667411293,32.838,2.17E+10,,
15.9828,15.0667411293,32.838,2.17E+10,,
15.9828,15.0667411293,32.838,2.17E+10,,
15.9828,15.0667411293,32.838,2.17E+10,,
15.9828,15.0667411293,32.838,2.17E+10,,
15.9828,15.0667411293,32.838,2.17E+10,,
15.9828,15.0667411293,32.838,2.17E+10,,
15.9828,15.0667411293,32.838,2.17E+10,,
15.9933,15.0667411293,32.838,2.18E+10,,
15.9933,15.0667411293,32.838,2.18E+10,,
15.9933,15.0667411293,32.838,2.18E+10,,
15.9933,15.0667411293,32.838,2.18E+10,,
15.9933,15.0667411293,32.838,2.18E+10,,
15.9933,15.0667411293,32.838,2.18E+10,,
15.9933,15.0667411293,32.838,2.18E+10,,
15.9933,15.0667411293,32.838,2.18E+10,,
15.9933,15.0667411293,32.838,2.18E+10,,
15.9933,15.0667411293,32.838,2.18E+10,,
15.9933,15.0667411293,32.838,2.18E+10,,
15.9933,15.0667411293,32.838,2.18E+10,,
15.9933,15.0667411293,32.838,2.18E+10,,
15.9933,15.0667411293,32.838,2.18E+10,,
15.9933,15.0667411293,32.838,2.18E+10,,
15.9933,15.0667411293,32.838,2.18E+10,,
15.9933,15.0667411293,32.838,2.18E+10,,
15.9933,15.0667411293,32.838,2.18E+10,,
15.9933,15.0667411293,32.838,2.18E+10,,
15.9933,15.0667411293,32.838,2.18E+10,,
15.9933,15.0667411293,32.838,2.18E+10,,
15.9933,15.0667411293,32.838,2.18E+10,,
16.0039,15.0667411293,32.838,2.18E+10,,
16.0039,15.0667411293,32.838,2.18E+10,,
16.0039,15.0667411293,32.838,2.18E+10,,
16.0039,15.0667411293,32.838,2.18E+10,,
16.0039,15.0667411293,32.838,2.18E+10,,
15.9932,15.0667411293,32.838,2.18E+10,,
15.9932,15.0667411293,32.838,2.18E+10,,
15.9932,15.0667411293,32.838,2.18E+10,,
15.9932,15.0667411293,32.838,2.18E+10,,
15.9932,15.0667411293,32.838,2.18E+10,,
15.9932,15.0667411293,32.838,2.18E+10,,
15.9932,15.0667411293,32.838,2.18E+10,,
15.9932,15.0667411293,32.838,2.18E+10,,
16.0042,15.0667411293,32.838,2.18E+10,,
16.0042,15.0667411293,32.838,2.18E+10,,
16.0042,15.0667411293,32.838,2.18E+10,,
16.0042,15.0667411293,32.838,2.18E+10,,
15.9924,15.0667411293,32.838,2.18E+10,,
15.9924,15.0667411293,32.838,2.18E+10,,
15.9924,15.0667411293,32.838,2.18E+10,,
16.0027,15.0667411293,32.838,2.18E+10,,
16.0027,15.0667411293,32.838,2.18E+10,,
16.0027,15.0667411293,32.838,2.18E+10,,
16.0027,15.0667411293,32.838,2.18E+10,,
16.0027,15.0667411293,32.838,2.18E+10,,
16.0027,15.0667411293,32.838,2.18E+10,,
16.0027,15.0667411293,32.838,2.18E+10,,
16.0027,15.0667411293,32.838,2.18E+10,,
16.0027,15.0667411293,32.838,2.18E+10,,
15.9919,15.0667411293,32.838,2.17E+10,,
15.9919,15.0667411293,32.838,2.17E+10,,
15.9919,15.0667411293,32.838,2.17E+10,,
16.0035,15.0667411293,32.838,2.18E+10,,
16.0035,15.0667411293,32.838,2.18E+10,,
16.0035,15.0667411293,32.838,2.18E+10,,
16.0035,15.0667411293,32.838,2.18E+10,,
16.0035,15.0667411293,32.838,2.18E+10,,
16.0035,15.0667411293,32.838,2.18E+10,,
16.0035,15.0667411293,32.838,2.18E+10,,
16.0035,15.0667411293,32.838,2.18E+10,,
16.0035,15.0667411293,32.838,2.18E+10,,
16.0035,15.0667411293,32.838,2.18E+10,,
15.9924,15.0667411293,32.838,2.18E+10,,
15.9924,15.0667411293,32.838,2.18E+10,,
15.9924,15.0667411293,32.838,2.18E+10,,
15.9924,15.0667411293,32.838,2.18E+10,,
15.9924,15.0667411293,32.838,2.18E+10,,
15.9924,15.0667411293,32.838,2.18E+10,,
15.9924,15.0667411293,32.838,2.18E+10,,
16.005,15.0667411293,32.838,2.18E+10,,
16.005,15.0667411293,32.838,2.18E+10,,
16.005,15.0667411293,32.838,2.18E+10,,
15.9948,15.0667411293,32.838,2.18E+10,,
15.9948,15.0667411293,32.838,2.18E+10,,
15.9948,15.0667411293,32.838,2.18E+10,,
16.0071,15.0667411293,32.838,2.18E+10,,
16.0071,15.0667411293,32.838,2.18E+10,,
16.0071,15.0667411293,32.838,2.18E+10,,
16.0071,15.0667411293,32.838,2.18E+10,,
16.0071,15.0667411293,32.838,2.18E+10,,
16.0071,15.0667411293,32.838,2.18E+10,,
15.9968,15.0667411293,32.838,2.18E+10,,
15.9968,15.0667411293,32.838,2.18E+10,,
15.9968,15.0667411293,32.838,2.18E+10,,
15.9968,15.0667411293,32.838,2.18E+10,,
15.9968,15.0667411293,32.838,2.18E+10,,
15.9968,15.0667411293,32.838,2.18E+10,,
15.9968,15.0667411293,32.838,2.18E+10,,
15.9968,15.0667411293,32.838,2.18E+10,,
15.9968,15.0667411293,32.838,2.18E+10,,
16.0074,15.0667411293,32.838,2.18E+10,,
16.0074,15.0667411293,32.838,2.18E+10,,
16.0074,15.0667411293,32.838,2.18E+10,,
16.0074,15.0667411293,32.838,2.18E+10,,
15.9967,15.0667411293,32.838,2.18E+10,,
15.9967,15.0667411293,32.838,2.18E+10,,
15.9967,15.0667411293,32.838,2.18E+10,,
15.9967,15.0667411293,32.838,2.18E+10,,
15.9967,15.0667411293,32.838,2.18E+10,,
15.9967,15.0667411293,32.838,2.18E+10,,
15.9967,15.0667411293,32.838,2.18E+10,,
15.9967,15.0667411293,32.838,2.18E+10,,
15.9967,15.0667411293,32.838,2.18E+10,,
15.9967,15.0667411293,32.838,2.18E+10,,
15.9967,15.0667411293,32.838,2.18E+10,,
15.9967,15.0667411293,32.838,2.18E+10,,
15.9967,15.0667411293,32.838,2.18E+10,,
15.9967,15.0667411293,32.838,2.18E+10,,
15.9967,15.0667411293,32.838,2.18E+10,,
15.9967,15.0667411293,32.838,2.18E+10,,
15.9967,15.0667411293,32.838,2.18E+10,,
16.0089,15.0667411293,32.838,2.18E+10,,
16.0089,15.0667411293,32.838,2.18E+10,,
16.0089,15.0667411293,32.838,2.18E+10,,
16.0089,15.0667411293,32.838,2.18E+10,,
16.0089,15.0667411293,32.838,2.18E+10,,
16.0089,15.0667411293,32.838,2.18E+10,,
16.0089,15.0667411293,32.838,2.18E+10,,
16.0089,15.0667411293,32.838,2.18E+10,,
15.9982,15.0667411293,32.838,2.18E+10,,
15.9982,15.0667411293,32.838,2.18E+10,,
15.9982,15.0667411293,32.838,2.18E+10,,
15.9982,15.0667411293,32.838,2.18E+10,,
15.9982,15.0667411293,32.838,2.18E+10,,
15.9982,15.0667411293,32.838,2.18E+10,,
15.9982,15.0667411293,32.838,2.18E+10,,
15.9982,15.0667411293,32.838,2.18E+10,,
15.9982,15.0667411293,32.838,2.18E+10,,
15.9982,15.0667411293,32.838,2.18E+10,,
15.9982,15.0667411293,32.838,2.18E+10,,
15.9982,15.0667411293,32.838,2.18E+10,,
15.9982,15.0667411293,32.838,2.18E+10,,
15.9982,15.0667411293,32.838,2.18E+10,,
15.9982,15.0667411293,32.838,2.18E+10,,
15.9982,15.0667411293,32.838,2.18E+10,,
15.9982,15.0667411293,32.838,2.18E+10,,
15.9982,15.0667411293,32.838,2.18E+10,,
15.9982,15.0667411293,32.838,2.18E+10,,
15.9982,15.0667411293,32.838,2.18E+10,,
15.9982,15.0667411293,32.838,2.18E+10,,
15.9982,15.0667411293,32.838,2.18E+10,,
15.9982,15.0667411293,32.838,2.18E+10,,
15.9982,15.0667411293,32.838,2.18E+10,,
15.9982,15.0667411293,32.838,2.18E+10,,
15.9982,15.0667411293,32.838,2.18E+10,,
15.9982,15.0667411293,32.838,2.18E+10,,
15.9982,15.0667411293,32.838,2.18E+10,,
15.9982,15.0667411293,32.838,2.18E+10,,
15.9982,15.0667411293,32.838,2.18E+10,,
15.9982,15.0667411293,32.838,2.18E+10,,
15.9982,15.0667411293,32.838,2.18E+10,,
15.9982,15.0667411293,32.838,2.18E+10,,
15.9982,15.0667411293,32.838,2.18E+10,,
15.9982,15.0667411293,32.838,2.18E+10,,
15.9982,15.0667411293,32.838,2.18E+10,,
15.9982,15.0667411293,32.838,2.18E+10,,
16.0087,15.0667411293,32.838,2.18E+10,,
16.0087,15.0667411293,32.838,2.18E+10,,
16.0087,15.0667411293,32.838,2.18E+10,,
16.0087,15.0667411293,32.838,2.18E+10,,
16.0087,15.0667411293,32.838,2.18E+10,,
15.9956,15.0667411293,32.838,2.18E+10,,
15.9956,15.0667411293,32.838,2.18E+10,,
15.9956,15.0667411293,32.838,2.18E+10,,
15.9956,15.0667411293,32.838,2.18E+10,,
15.9956,15.0667411293,32.838,2.18E+10,,
15.9956,15.0667411293,32.838,2.18E+10,,
15.9956,15.0667411293,32.838,2.18E+10,,
15.9956,15.0667411293,32.838,2.18E+10,,
15.9956,15.0667411293,32.838,2.18E+10,,
15.9956,15.0667411293,32.838,2.18E+10,,
15.9956,15.0667411293,32.838,2.18E+10,,
15.9956,15.0667411293,32.838,2.18E+10,,
15.9956,15.0667411293,32.838,2.18E+10,,
15.9956,15.0667411293,32.838,2.18E+10,,
15.9956,15.0667411293,32.838,2.18E+10,,
16.0077,15.0667411293,32.838,2.18E+10,,
16.0077,15.0667411293,32.838,2.18E+10,,
16.0077,15.0667411293,32.838,2.18E+10,,
16.0077,15.0667411293,32.838,2.18E+10,,
16.0077,15.0667411293,32.838,2.18E+10,,
16.0077,15.0667411293,32.838,2.18E+10,,
16.0077,15.0667411293,32.838,2.18E+10,,
15.9919,15.0667411293,32.838,2.17E+10,,
15.9919,15.0667411293,32.838,2.17E+10,,
15.9919,15.0667411293,32.838,2.17E+10,,
15.9919,15.0667411293,32.838,2.17E+10,,
15.9919,15.0667411293,32.838,2.17E+10,,
15.9919,15.0667411293,32.838,2.17E+10,,
15.9919,15.0667411293,32.838,2.17E+10,,
16.0065,15.0667411293,32.838,2.18E+10,,
16.0065,15.0667411293,32.838,2.18E+10,,
16.0065,15.0667411293,32.838,2.18E+10,,
16.0065,15.0667411293,32.838,2.18E+10,,
16.0065,15.0667411293,32.838,2.18E+10,,
16.0065,15.0667411293,32.838,2.18E+10,,
16.0065,15.0667411293,32.838,2.18E+10,,
15.9947,15.0667411293,32.838,2.18E+10,,
15.9947,15.0667411293,32.838,2.18E+10,,
15.9947,15.0667411293,32.838,2.18E+10,,
15.9947,15.0667411293,32.838,2.18E+10,,
15.9947,15.0667411293,32.838,2.18E+10,,
15.9947,15.0667411293,32.838,2.18E+10,,
15.9824,15.0667411293,32.838,2.17E+10,,
15.9824,15.0667411293,32.838,2.17E+10,,
15.9927,15.0667411293,32.838,2.18E+10,,
15.9927,15.0667411293,32.838,2.18E+10,,
15.9927,15.0667411293,32.838,2.18E+10,,
15.9927,15.0667411293,32.838,2.18E+10,,
15.9927,15.0667411293,32.838,2.18E+10,,
15.9927,15.0667411293,32.838,2.18E+10,,
15.9927,15.0667411293,32.838,2.18E+10,,
15.9927,15.0667411293,32.838,2.18E+10,,
15.9927,15.0667411293,32.838,2.18E+10,,
15.9927,15.0667411293,32.838,2.18E+10,,
15.9927,15.0667411293,32.838,2.18E+10,,
15.9927,15.0667411293,32.838,2.18E+10,,
15.9927,15.0667411293,32.838,2.18E+10,,
15.9927,15.0667411293,32.838,2.18E+10,,
16.005,15.0667411293,32.838,2.18E+10,,
16.005,15.0667411293,32.838,2.18E+10,,
16.005,15.0667411293,32.838,2.18E+10,,
16.005,15.0667411293,32.838,2.18E+10,,
16.005,15.0667411293,32.838,2.18E+10,,
15.9949,15.0667411293,32.838,2.18E+10,,
15.9949,15.0667411293,32.838,2.18E+10,,
15.9949,15.0667411293,32.838,2.18E+10,,
15.9949,15.0667411293,32.838,2.18E+10,,
15.9949,15.0667411293,32.838,2.18E+10,,
15.9949,15.0667411293,32.838,2.18E+10,,
15.9949,15.0667411293,32.838,2.18E+10,,
15.9949,15.0667411293,32.838,2.18E+10,,
15.9949,15.0667411293,32.838,2.18E+10,,
15.9949,15.0667411293,32.838,2.18E+10,,
15.9949,15.0667411293,32.838,2.18E+10,,
15.9949,15.0667411293,32.838,2.18E+10,,
15.9949,15.0667411293,32.838,2.18E+10,,
15.9949,15.0667411293,32.838,2.18E+10,,
15.9949,15.0667411293,32.838,2.18E+10,,
16.0056,15.0667411293,32.838,2.18E+10,,
16.0056,15.0667411293,32.838,2.18E+10,,
15.9952,15.0667411293,32.838,2.18E+10,,
15.9952,15.0667411293,32.838,2.18E+10,,
15.9952,15.0667411293,32.838,2.18E+10,,
15.9952,15.0667411293,32.838,2.18E+10,,
15.9952,15.0667411293,32.838,2.18E+10,,
15.9952,15.0667411293,32.838,2.18E+10,,
15.9952,15.0667411293,32.838,2.18E+10,,
16.007,15.0667411293,32.838,2.18E+10,,
16.007,15.0667411293,32.838,2.18E+10,,
15.9959,15.0667411293,32.838,2.18E+10,,
15.9959,15.0667411293,32.838,2.18E+10,,
15.9959,15.0667411293,32.838,2.18E+10,,
15.9959,15.0667411293,32.838,2.18E+10,,
15.9959,15.0667411293,32.838,2.18E+10,,
16.0068,15.0667411293,32.838,2.18E+10,,
16.0068,15.0667411293,32.838,2.18E+10,,
16.0068,15.0667411293,32.838,2.18E+10,,
16.0068,15.0667411293,32.838,2.18E+10,,
16.0068,15.0667411293,32.838,2.18E+10,,
16.0068,15.0667411293,32.838,2.18E+10,,
16.0068,15.0667411293,32.838,2.18E+10,,
16.0068,15.0667411293,32.838,2.18E+10,,
15.9958,15.0667411293,32.838,2.18E+10,,
16.0059,15.0667411293,32.838,2.18E+10,,
16.0059,15.0667411293,32.838,2.18E+10,,
16.0059,15.0667411293,32.838,2.18E+10,,
16.0059,15.0667411293,32.838,2.18E+10,,
16.0059,15.0667411293,32.838,2.18E+10,,
15.9924,15.0667411293,32.838,2.18E+10,,
15.9924,15.0667411293,32.838,2.18E+10,,
15.9924,15.0667411293,32.838,2.18E+10,,
15.9924,15.0667411293,32.838,2.18E+10,,
15.9924,15.0667411293,32.838,2.18E+10,,
15.9924,15.0667411293,32.838,2.18E+10,,
15.9924,15.0667411293,32.838,2.18E+10,,
15.9924,15.0667411293,32.838,2.18E+10,,
16.0054,15.0667411293,32.838,2.18E+10,,
16.0054,15.0667411293,32.838,2.18E+10,,
16.0054,15.0667411293,32.838,2.18E+10,,
16.0054,15.0667411293,32.838,2.18E+10,,
16.0054,15.0667411293,32.838,2.18E+10,,
16.0054,15.0667411293,32.838,2.18E+10,,
16.0054,15.0667411293,32.838,2.18E+10,,
16.0054,15.0667411293,32.838,2.18E+10,,
16.0054,15.0667411293,32.838,2.18E+10,,
16.0054,15.0667411293,32.838,2.18E+10,,
16.0054,15.0667411293,32.838,2.18E+10,,
16.0054,15.0667411293,32.838,2.18E+10,,
15.9944,15.0667411293,32.838,2.18E+10,,
15.9944,15.0667411293,32.838,2.18E+10,,
16.0047,15.0667411293,32.838,2.18E+10,,
16.0047,15.0667411293,32.838,2.18E+10,,
16.0047,15.0667411293,32.838,2.18E+10,,
16.0047,15.0667411293,32.838,2.18E+10,,
16.0047,15.0667411293,32.838,2.18E+10,,
16.0047,15.0667411293,32.838,2.18E+10,,
16.0047,15.0667411293,32.838,2.18E+10,,
16.0047,15.0667411293,32.838,2.18E+10,,
15.9935,15.0667411293,32.838,2.18E+10,,
15.9935,15.0667411293,32.838,2.18E+10,,
15.9935,15.0667411293,32.838,2.18E+10,,
15.9935,15.0667411293,32.838,2.18E+10,,
16.0036,15.0667411293,32.838,2.18E+10,,
16.0036,15.0667411293,32.838,2.18E+10,,
16.0036,15.0667411293,32.838,2.18E+10,,
15.9899,15.0667411293,32.838,2.17E+10,,
15.9899,15.0667411293,32.838,2.17E+10,,
15.9899,15.0667411293,32.838,2.17E+10,,
15.9899,15.0667411293,32.838,2.17E+10,,
15.9899,15.0667411293,32.838,2.17E+10,,
15.9899,15.0667411293,32.838,2.17E+10,,
15.9899,15.0667411293,32.838,2.17E+10,,
15.9899,15.0667411293,32.838,2.17E+10,,
15.9899,15.0667411293,32.838,2.17E+10,,
16.0001,15.0667411293,32.838,2.18E+10,,
15.9774,15.0667411293,32.838,2.17E+10,,
15.9774,15.0667411293,32.838,2.17E+10,,
15.9774,15.0667411293,32.838,2.17E+10,,
15.9774,15.0667411293,32.838,2.17E+10,,
15.9925,15.0667411293,32.838,2.18E+10,,
15.9925,15.0667411293,32.838,2.18E+10,,
15.9925,15.0667411293,32.838,2.18E+10,,
15.9925,15.0667411293,32.838,2.18E+10,,
15.9925,15.0667411293,32.838,2.18E+10,,
15.9925,15.0667411293,32.838,2.18E+10,,
15.9925,15.0667411293,32.838,2.18E+10,,
15.9925,15.0667411293,32.838,2.18E+10,,
15.9925,15.0667411293,32.838,2.18E+10,,
15.9925,15.0667411293,32.838,2.18E+10,,
15.9925,15.0667411293,32.838,2.18E+10,,
15.9925,15.0667411293,32.838,2.18E+10,,
15.9925,15.0667411293,32.838,2.18E+10,,
15.9925,15.0667411293,32.838,2.18E+10,,
15.9925,15.0667411293,32.838,2.18E+10,,
16.0037,15.0667411293,32.838,2.18E+10,,
16.0037,15.0667411293,32.838,2.18E+10,,
16.0037,15.0667411293,32.838,2.18E+10,,
16.0037,15.0667411293,32.838,2.18E+10,,
16.0037,15.0667411293,32.838,2.18E+10,,
16.0037,15.0667411293,32.838,2.18E+10,,
16.0037,15.0667411293,32.838,2.18E+10,,
16.0037,15.0667411293,32.838,2.18E+10,,
16.0037,15.0667411293,32.838,2.18E+10,,
16.0037,15.0667411293,32.838,2.18E+10,,
16.0037,15.0667411293,32.838,2.18E+10,,
16.0037,15.0667411293,32.838,2.18E+10,,
16.0037,15.0667411293,32.838,2.18E+10,,
16.0037,15.0667411293,32.838,2.18E+10,,
16.0037,15.0667411293,32.838,2.18E+10,,
15.9929,15.0667411293,32.838,2.18E+10,,
15.9929,15.0667411293,32.838,2.18E+10,,
15.9929,15.0667411293,32.838,2.18E+10,,
15.9929,15.0667411293,32.838,2.18E+10,,
15.9929,15.0667411293,32.838,2.18E+10,,
15.9929,15.0667411293,32.838,2.18E+10,,
16.0058,15.0667411293,32.838,2.18E+10,,
16.0058,15.0667411293,32.838,2.18E+10,,
16.0058,15.0667411293,32.838,2.18E+10,,
16.0058,15.0667411293,32.838,2.18E+10,,
16.0058,15.0667411293,32.838,2.18E+10,,
16.0058,15.0667411293,32.838,2.18E+10,,
16.0058,15.0667411293,32.838,2.18E+10,,
16.0058,15.0667411293,32.838,2.18E+10,,
15.993,15.0667411293,32.838,2.18E+10,,
15.993,15.0667411293,32.838,2.18E+10,,
15.993,15.0667411293,32.838,2.18E+10,,
15.993,15.0667411293,32.838,2.18E+10,,
15.993,15.0667411293,32.838,2.18E+10,,
15.993,15.0667411293,32.838,2.18E+10,,
15.993,15.0667411293,32.838,2.18E+10,,
15.993,15.0667411293,32.838,2.18E+10,,
16.0038,15.0667411293,32.838,2.18E+10,,
16.0038,15.0667411293,32.838,2.18E+10,,
16.0038,15.0667411293,32.838,2.18E+10,,
16.0038,15.0667411293,32.838,2.18E+10,,
16.0038,15.0667411293,32.838,2.18E+10,,
15.9928,15.0667411293,32.838,2.18E+10,,
15.9928,15.0667411293,32.838,2.18E+10,,
16.0036,15.0667411293,32.838,2.18E+10,,
15.9934,15.0667411293,32.838,2.18E+10,,
15.9934,15.0667411293,32.838,2.18E+10,,
15.9934,15.0667411293,32.838,2.18E+10,,
15.9934,15.0667411293,32.838,2.18E+10,,
15.9934,15.0667411293,32.838,2.18E+10,,
15.9934,15.0667411293,32.838,2.18E+10,,
16.0059,15.0667411293,32.838,2.18E+10,,
16.0059,15.0667411293,32.838,2.18E+10,,
16.0059,15.0667411293,32.838,2.18E+10,,
16.0059,15.0667411293,32.838,2.18E+10,,
16.0059,15.0667411293,32.838,2.18E+10,,
16.0059,15.0667411293,32.838,2.18E+10,,
15.9937,15.0667411293,32.838,2.18E+10,,
15.9937,15.0667411293,32.838,2.18E+10,,
15.9937,15.0667411293,32.838,2.18E+10,,
15.9937,15.0667411293,32.838,2.18E+10,,
15.9937,15.0667411293,32.838,2.18E+10,,
15.9937,15.0667411293,32.838,2.18E+10,,
15.9937,15.0667411293,32.838,2.18E+10,,
15.9937,15.0667411293,32.838,2.18E+10,,
15.9937,15.0667411293,32.838,2.18E+10,,
15.9937,15.0667411293,32.838,2.18E+10,,
15.9937,15.0667411293,32.838,2.18E+10,,
15.9937,15.0667411293,32.838,2.18E+10,,
15.9937,15.0667411293,32.838,2.18E+10,,
15.9937,15.0667411293,32.838,2.18E+10,,
15.9937,15.0667411293,32.838,2.18E+10,,
15.9937,15.0667411293,32.838,2.18E+10,,
15.9937,15.0667411293,32.838,2.18E+10,,
15.9937,15.0667411293,32.838,2.18E+10,,
16.0047,15.0667411293,32.838,2.18E+10,,
16.0047,15.0667411293,32.838,2.18E+10,,
16.0047,15.0667411293,32.838,2.18E+10,,
16.0047,15.0667411293,32.838,2.18E+10,,
15.9894,15.0667411293,32.838,2.17E+10,,
15.9996,15.0667411293,32.838,2.18E+10,,
15.9996,15.0667411293,32.838,2.18E+10,,
15.9881,15.0667411293,32.838,2.17E+10,,
15.9881,15.0667411293,32.838,2.17E+10,,
15.9881,15.0667411293,32.838,2.17E+10,,
15.9881,15.0667411293,32.838,2.17E+10,,
15.9986,15.0667411293,32.838,2.18E+10,,
15.9986,15.0667411293,32.838,2.18E+10,,
15.9986,15.0667411293,32.838,2.18E+10,,
15.9986,15.0667411293,32.838,2.18E+10,,
15.9986,15.0667411293,32.838,2.18E+10,,
15.9986,15.0667411293,32.838,2.18E+10,,
15.9986,15.0667411293,32.838,2.18E+10,,
16.0114,15.0667411293,32.838,2.18E+10,,
16.0114,15.0667411293,32.838,2.18E+10,,
16.0114,15.0667411293,32.838,2.18E+10,,
16.0114,15.0667411293,32.838,2.18E+10,,
16.0114,15.0667411293,32.838,2.18E+10,,
16.0114,15.0667411293,32.838,2.18E+10,,
16.0114,15.0667411293,32.838,2.18E+10,,
16.0114,15.0667411293,32.838,2.18E+10,,
15.9984,15.0667411293,32.838,2.18E+10,,
15.9984,15.0667411293,32.838,2.18E+10,,
15.9984,15.0667411293,32.838,2.18E+10,,
15.9984,15.0667411293,32.838,2.18E+10,,
15.9984,15.0667411293,32.838,2.18E+10,,
15.9984,15.0667411293,32.838,2.18E+10,,
15.9984,15.0667411293,32.838,2.18E+10,,
15.9984,15.0667411293,32.838,2.18E+10,,
15.9984,15.0667411293,32.838,2.18E+10,,
15.9984,15.0667411293,32.838,2.18E+10,,
15.9984,15.0667411293,32.838,2.18E+10,,
15.9984,15.0667411293,32.838,2.18E+10,,
15.9984,15.0667411293,32.838,2.18E+10,,
15.9984,15.0667411293,32.838,2.18E+10,,
15.9984,15.0667411293,32.838,2.18E+10,,
15.9984,15.0667411293,32.838,2.18E+10,,
15.9984,15.0667411293,32.838,2.18E+10,,
15.9984,15.0667411293,32.838,2.18E+10,,
15.9984,15.0667411293,32.838,2.18E+10,,
15.9984,15.0667411293,32.838,2.18E+10,,
15.9984,15.0667411293,32.838,2.18E+10,,
15.9984,15.0667411293,32.838,2.18E+10,,
15.9984,15.0667411293,32.838,2.18E+10,,
15.9851,15.0667411293,32.838,2.17E+10,,
15.9851,15.0667411293,32.838,2.17E+10,,
15.9851,15.0667411293,32.838,2.17E+10,,
15.9851,15.0667411293,32.838,2.17E+10,,
15.9851,15.0667411293,32.838,2.17E+10,,
15.9851,15.0667411293,32.838,2.17E+10,,
15.9996,15.0667411293,32.838,2.18E+10,,
15.9996,15.0667411293,32.838,2.18E+10,,
15.9996,15.0667411293,32.838,2.18E+10,,
15.9996,15.0667411293,32.838,2.18E+10,,
15.9996,15.0667411293,32.838,2.18E+10,,
15.9996,15.0667411293,32.838,2.18E+10,,
15.9996,15.0667411293,32.838,2.18E+10,,
16.011,15.0667411293,32.838,2.18E+10,,
16.011,15.0667411293,32.838,2.18E+10,,
16.011,15.0667411293,32.838,2.18E+10,,
16.011,15.0667411293,32.838,2.18E+10,,
16.011,15.0667411293,32.838,2.18E+10,,
16.011,15.0667411293,32.838,2.18E+10,,
16.011,15.0667411293,32.838,2.18E+10,,
16.0004,15.0667411293,32.838,2.18E+10,,
16.0004,15.0667411293,32.838,2.18E+10,,
16.0004,15.0667411293,32.838,2.18E+10,,
16.0004,15.0667411293,32.838,2.18E+10,,
16.0004,15.0667411293,32.838,2.18E+10,,
16.0004,15.0667411293,32.838,2.18E+10,,
16.0004,15.0667411293,32.838,2.18E+10,,
16.0004,15.0667411293,32.838,2.18E+10,,
16.0106,15.0667411293,32.838,2.18E+10,,
16.0106,15.0667411293,32.838,2.18E+10,,
16.0106,15.0667411293,32.838,2.18E+10,,
16.0106,15.0667411293,32.838,2.18E+10,,
16.0106,15.0667411293,32.838,2.18E+10,,
16.0106,15.0667411293,32.838,2.18E+10,,
16.0106,15.0667411293,32.838,2.18E+10,,
16.0106,15.0667411293,32.838,2.18E+10,,
16.0106,15.0667411293,32.838,2.18E+10,,
16.0106,15.0667411293,32.838,2.18E+10,,
16.0106,15.0667411293,32.838,2.18E+10,,
16.0106,15.0667411293,32.838,2.18E+10,,
16.0106,15.0667411293,32.838,2.18E+10,,
16.0106,15.0667411293,32.838,2.18E+10,,
15.9999,15.0667411293,32.838,2.18E+10,,
15.9999,15.0667411293,32.838,2.18E+10,,
15.9999,15.0667411293,32.838,2.18E+10,,
15.9999,15.0667411293,32.838,2.18E+10,,
15.9999,15.0667411293,32.838,2.18E+10,,
15.9999,15.0667411293,32.838,2.18E+10,,
15.9999,15.0667411293,32.838,2.18E+10,,
15.9876,15.0667411293,32.838,2.17E+10,,
15.9876,15.0667411293,32.838,2.17E+10,,
15.9876,15.0667411293,32.838,2.17E+10,,
15.9876,15.0667411293,32.838,2.17E+10,,
15.9876,15.0667411293,32.838,2.17E+10,,
15.9876,15.0667411293,32.838,2.17E+10,,
15.9876,15.0667411293,32.838,2.17E+10,,
15.9998,15.0667411293,32.838,2.18E+10,,
15.9998,15.0667411293,32.838,2.18E+10,,
15.9998,15.0667411293,32.838,2.18E+10,,
15.9998,15.0667411293,32.838,2.18E+10,,
15.987,15.0667411293,32.838,2.17E+10,,
15.987,15.0667411293,32.838,2.17E+10,,
15.997,15.0667411293,32.838,2.18E+10,,
15.997,15.0667411293,32.838,2.18E+10,,
16.0076,15.0667411293,32.838,2.18E+10,,
16.0076,15.0667411293,32.838,2.18E+10,,
16.0076,15.0667411293,32.838,2.18E+10,,
16.0076,15.0667411293,32.838,2.18E+10,,
16.0076,15.0667411293,32.838,2.18E+10,,
16.0076,15.0667411293,32.838,2.18E+10,,
16.0076,15.0667411293,32.838,2.18E+10,,
16.0076,15.0667411293,32.838,2.18E+10,,
16.0076,15.0667411293,32.838,2.18E+10,,
16.0076,15.0667411293,32.838,2.18E+10,,
16.0076,15.0667411293,32.838,2.18E+10,,
16.0076,15.0667411293,32.838,2.18E+10,,
16.0076,15.0667411293,32.838,2.18E+10,,
16.0076,15.0667411293,32.838,2.18E+10,,
16.0076,15.0667411293,32.838,2.18E+10,,
16.0076,15.0667411293,32.838,2.18E+10,,
15.9967,15.0667411293,32.838,2.18E+10,,
15.9967,15.0667411293,32.838,2.18E+10,,
15.9967,15.0667411293,32.838,2.18E+10,,
15.9967,15.0667411293,32.838,2.18E+10,,
15.9967,15.0667411293,32.838,2.18E+10,,
15.9967,15.0667411293,32.838,2.18E+10,,
15.9967,15.0667411293,32.838,2.18E+10,,
15.9967,15.0667411293,32.838,2.18E+10,,
15.9967,15.0667411293,32.838,2.18E+10,,
15.9967,15.0667411293,32.838,2.18E+10,,
15.9967,15.0667411293,32.838,2.18E+10,,
15.9867,15.0667411293,32.838,2.17E+10,,
15.9867,15.0667411293,32.838,2.17E+10,,
15.9867,15.0667411293,32.838,2.17E+10,,
15.9986,15.0667411293,32.838,2.18E+10,,
15.9986,15.0667411293,32.838,2.18E+10,,
15.9986,15.0667411293,32.838,2.18E+10,,
15.9986,15.0667411293,32.838,2.18E+10,,
15.9986,15.0667411293,32.838,2.18E+10,,
15.9986,15.0667411293,32.838,2.18E+10,,
15.9986,15.0667411293,32.838,2.18E+10,,
15.9875,15.0667411293,32.838,2.17E+10,,
15.9875,15.0667411293,32.838,2.17E+10,,
15.9875,15.0667411293,32.838,2.17E+10,,
15.9875,15.0667411293,32.838,2.17E+10,,
15.9875,15.0667411293,32.838,2.17E+10,,
15.9875,15.0667411293,32.838,2.17E+10,,
15.9875,15.0667411293,32.838,2.17E+10,,
15.9875,15.0667411293,32.838,2.17E+10,,
15.9875,15.0667411293,32.838,2.17E+10,,
15.9875,15.0667411293,32.838,2.17E+10,,
15.9875,15.0667411293,32.838,2.17E+10,,
15.9875,15.0667411293,32.838,2.17E+10,,
15.9875,15.0667411293,32.838,2.17E+10,,
15.9875,15.0667411293,32.838,2.17E+10,,
16.0012,15.0667411293,32.838,2.18E+10,,
16.0012,15.0667411293,32.838,2.18E+10,,
16.0012,15.0667411293,32.838,2.18E+10,,
16.0118,15.0667411293,32.838,2.18E+10,,
16.001,15.0667411293,32.838,2.18E+10,,
16.001,15.0667411293,32.838,2.18E+10,,
16.001,15.0667411293,32.838,2.18E+10,,
16.001,15.0667411293,32.838,2.18E+10,,
16.001,15.0667411293,32.838,2.18E+10,,
16.001,15.0667411293,32.838,2.18E+10,,
16.001,15.0667411293,32.838,2.18E+10,,
16.001,15.0667411293,32.838,2.18E+10,,
16.001,15.0667411293,32.838,2.18E+10,,
15.9889,15.0667411293,32.838,2.17E+10,,
15.9889,15.0667411293,32.838,2.17E+10,,
15.9995,15.0667411293,32.838,2.18E+10,,
15.9995,15.0667411293,32.838,2.18E+10,,
15.9995,15.0667411293,32.838,2.18E+10,,
15.9995,15.0667411293,32.838,2.18E+10,,
15.9995,15.0667411293,32.838,2.18E+10,,
15.9995,15.0667411293,32.838,2.18E+10,,
15.9995,15.0667411293,32.838,2.18E+10,,
15.9883,15.0667411293,32.838,2.17E+10,,
15.9883,15.0667411293,32.838,2.17E+10,,
15.9883,15.0667411293,32.838,2.17E+10,,
15.9883,15.0667411293,32.838,2.17E+10,,
15.9996,15.0667411293,32.838,2.18E+10,,
15.9996,15.0667411293,32.838,2.18E+10,,
15.9996,15.0667411293,32.838,2.18E+10,,
16.0018,15.0667411293,32.838,2.18E+10,,
16.0018,15.0667411293,32.838,2.18E+10,,
16.0018,15.0667411293,32.838,2.18E+10,,
16.0018,15.0667411293,32.838,2.18E+10,,
16.0018,15.0667411293,32.838,2.18E+10,,
16.0018,15.0667411293,32.838,2.18E+10,,
16.0018,15.0667411293,32.838,2.18E+10,,
16.0018,15.0667411293,32.838,2.18E+10,,
16.0018,15.0667411293,32.838,2.18E+10,,
16.0018,15.0667411293,32.838,2.18E+10,,
16.0018,15.0667411293,32.838,2.18E+10,,
15.9892,15.0667411293,32.838,2.17E+10,,
15.9892,15.0667411293,32.838,2.17E+10,,
15.9996,15.0667411293,32.838,2.18E+10,,
15.9996,15.0667411293,32.838,2.18E+10,,
15.9996,15.0667411293,32.838,2.18E+10,,
15.9996,15.0667411293,32.838,2.18E+10,,
15.9996,15.0667411293,32.838,2.18E+10,,
15.9996,15.0667411293,32.838,2.18E+10,,
15.9996,15.0667411293,32.838,2.18E+10,,
15.9996,15.0667411293,32.838,2.18E+10,,
15.9996,15.0667411293,32.838,2.18E+10,,
15.9996,15.0667411293,32.838,2.18E+10,,
15.9996,15.0667411293,32.838,2.18E+10,,
15.9996,15.0667411293,32.838,2.18E+10,,
15.9996,15.0667411293,32.838,2.18E+10,,
15.9893,15.0667411293,32.838,2.17E+10,,
15.9893,15.0667411293,32.838,2.17E+10,,
15.9893,15.0667411293,32.838,2.17E+10,,
16.0089,15.0667411293,32.838,2.18E+10,,
15.9989,15.0667411293,32.838,2.18E+10,,
15.9989,15.0667411293,32.838,2.18E+10,,
15.9989,15.0667411293,32.838,2.18E+10,,
15.9989,15.0667411293,32.838,2.18E+10,,
15.9989,15.0667411293,32.838,2.18E+10,,
15.9989,15.0667411293,32.838,2.18E+10,,
15.9989,15.0667411293,32.838,2.18E+10,,
16.0091,15.0667411293,32.838,2.18E+10,,
16.0091,15.0667411293,32.838,2.18E+10,,
15.9956,15.0667411293,32.838,2.18E+10,,
16.0067,15.0667411293,32.838,2.18E+10,,
16.0067,15.0667411293,32.838,2.18E+10,,
16.0067,15.0667411293,32.838,2.18E+10,,
16.0067,15.0667411293,32.838,2.18E+10,,
15.9965,15.0667411293,32.838,2.18E+10,,
15.9965,15.0667411293,32.838,2.18E+10,,
15.9965,15.0667411293,32.838,2.18E+10,,
15.9965,15.0667411293,32.838,2.18E+10,,
15.9965,15.0667411293,32.838,2.18E+10,,
15.9965,15.0667411293,32.838,2.18E+10,,
15.9965,15.0667411293,32.838,2.18E+10,,
16.0074,15.0667411293,32.838,2.18E+10,,
16.0074,15.0667411293,32.838,2.18E+10,,
16.0074,15.0667411293,32.838,2.18E+10,,
16.0074,15.0667411293,32.838,2.18E+10,,
16.0074,15.0667411293,32.838,2.18E+10,,
16.0074,15.0667411293,32.838,2.18E+10,,
16.0074,15.0667411293,32.838,2.18E+10,,
16.0074,15.0667411293,32.838,2.18E+10,,
16.0074,15.0667411293,32.838,2.18E+10,,
16.0074,15.0667411293,32.838,2.18E+10,,
16.0074,15.0667411293,32.838,2.18E+10,,
16.0181,15.0667411293,32.838,2.18E+10,,
16.0181,15.0667411293,32.838,2.18E+10,,
16.0181,15.0667411293,32.838,2.18E+10,,
16,15.0667411293,32.838,2.18E+10,,
16,15.0667411293,32.838,2.18E+10,,
16,15.0667411293,32.838,2.18E+10,,
16,15.0667411293,32.838,2.18E+10,,
16,15.0667411293,32.838,2.18E+10,,
16,15.0667411293,32.838,2.18E+10,,
16,15.0667411293,32.838,2.18E+10,,
16,15.0667411293,32.838,2.18E+10,,
15.9855,15.0667411293,32.838,2.17E+10,,
15.9959,15.0667411293,32.838,2.18E+10,,
15.9959,15.0667411293,32.838,2.18E+10,,
15.9959,15.0667411293,32.838,2.18E+10,,
15.9959,15.0667411293,32.838,2.18E+10,,
15.9959,15.0667411293,32.838,2.18E+10,,
15.9959,15.0667411293,32.838,2.18E+10,,
16.0069,15.0667411293,32.838,2.18E+10,,
16.0069,15.0667411293,32.838,2.18E+10,,
16.0069,15.0667411293,32.838,2.18E+10,,
16.0069,15.0667411293,32.838,2.18E+10,,
16.0069,15.0667411293,32.838,2.18E+10,,
16.0069,15.0667411293,32.838,2.18E+10,,
16.0069,15.0667411293,32.838,2.18E+10,,
16.0069,15.0667411293,32.838,2.18E+10,,
16.0069,15.0667411293,32.838,2.18E+10,,
16.0069,15.0667411293,32.838,2.18E+10,,
16.0069,15.0667411293,32.838,2.18E+10,,
16.0069,15.0667411293,32.838,2.18E+10,,
16.0069,15.0667411293,32.838,2.18E+10,,
16.0069,15.0667411293,32.838,2.18E+10,,
15.9962,15.0667411293,32.838,2.18E+10,,
15.9962,15.0667411293,32.838,2.18E+10,,
15.9962,15.0667411293,32.838,2.18E+10,,
15.9962,15.0667411293,32.838,2.18E+10,,
15.9962,15.0667411293,32.838,2.18E+10,,
15.9962,15.0667411293,32.838,2.18E+10,,
15.9962,15.0667411293,32.838,2.18E+10,,
15.9962,15.0667411293,32.838,2.18E+10,,
15.9962,15.0667411293,32.838,2.18E+10,,
15.9962,15.0667411293,32.838,2.18E+10,,
15.9962,15.0667411293,32.838,2.18E+10,,
15.9962,15.0667411293,32.838,2.18E+10,,
15.9962,15.0667411293,32.838,2.18E+10,,
15.9962,15.0667411293,32.838,2.18E+10,,
15.9962,15.0667411293,32.838,2.18E+10,,
15.9962,15.0667411293,32.838,2.18E+10,,
16.0093,15.0667411293,32.838,2.18E+10,,
16.0093,15.0667411293,32.838,2.18E+10,,
16.0093,15.0667411293,32.838,2.18E+10,,
16.0093,15.0667411293,32.838,2.18E+10,,
16.0093,15.0667411293,32.838,2.18E+10,,
16.0093,15.0667411293,32.838,2.18E+10,,
16.0093,15.0667411293,32.838,2.18E+10,,
15.9981,15.0667411293,32.838,2.18E+10,,
15.9981,15.0667411293,32.838,2.18E+10,,
15.9981,15.0667411293,32.838,2.18E+10,,
15.9981,15.0667411293,32.838,2.18E+10,,
15.9981,15.0667411293,32.838,2.18E+10,,
15.9981,15.0667411293,32.838,2.18E+10,,
15.9981,15.0667411293,32.838,2.18E+10,,
15.9981,15.0667411293,32.838,2.18E+10,,
15.9981,15.0667411293,32.838,2.18E+10,,
15.9981,15.0667411293,32.838,2.18E+10,,
15.9981,15.0667411293,32.838,2.18E+10,,
15.9981,15.0667411293,32.838,2.18E+10,,
15.9981,15.0667411293,32.838,2.18E+10,,
15.9981,15.0667411293,32.838,2.18E+10,,
16.0086,15.0667411293,32.838,2.18E+10,,
16.0086,15.0667411293,32.838,2.18E+10,,
16.0086,15.0667411293,32.838,2.18E+10,,
16.0086,15.0667411293,32.838,2.18E+10,,
16.0086,15.0667411293,32.838,2.18E+10,,
16.0086,15.0667411293,32.838,2.18E+10,,
16.0086,15.0667411293,32.838,2.18E+10,,
16.0086,15.0667411293,32.838,2.18E+10,,
15.9967,15.0667411293,32.838,2.18E+10,,
15.9967,15.0667411293,32.838,2.18E+10,,
15.9967,15.0667411293,32.838,2.18E+10,,
16.0074,15.0667411293,32.838,2.18E+10,,
16.0074,15.0667411293,32.838,2.18E+10,,
16.0074,15.0667411293,32.838,2.18E+10,,
16.0074,15.0667411293,32.838,2.18E+10,,
15.9947,15.0667411293,32.838,2.18E+10,,
15.9947,15.0667411293,32.838,2.18E+10,,
15.9947,15.0667411293,32.838,2.18E+10,,
15.9947,15.0667411293,32.838,2.18E+10,,
15.9947,15.0667411293,32.838,2.18E+10,,
15.9947,15.0667411293,32.838,2.18E+10,,
15.9947,15.0667411293,32.838,2.18E+10,,
16.0049,15.0667411293,32.838,2.18E+10,,
16.0049,15.0667411293,32.838,2.18E+10,,
16.0049,15.0667411293,32.838,2.18E+10,,
16.0049,15.0667411293,32.838,2.18E+10,,
16.0049,15.0667411293,32.838,2.18E+10,,
16.0049,15.0667411293,32.838,2.18E+10,,
16.0049,15.0667411293,32.838,2.18E+10,,
16.0049,15.0667411293,32.838,2.18E+10,,
16.0049,15.0667411293,32.838,2.18E+10,,
16.0049,15.0667411293,32.838,2.18E+10,,
16.0049,15.0667411293,32.838,2.18E+10,,
16.0049,15.0667411293,32.838,2.18E+10,,
16.0049,15.0667411293,32.838,2.18E+10,,
16.0049,15.0667411293,32.838,2.18E+10,,
16.0049,15.0667411293,32.838,2.18E+10,,
16.0049,15.0667411293,32.838,2.18E+10,,
16.0049,15.0667411293,32.838,2.18E+10,,
16.0049,15.0667411293,32.838,2.18E+10,,
15.9948,15.0667411293,32.838,2.18E+10,,
15.9948,15.0667411293,32.838,2.18E+10,,
15.9948,15.0667411293,32.838,2.18E+10,,
15.9948,15.0667411293,32.838,2.18E+10,,
16.0095,15.0667411293,32.838,2.18E+10,,
16.0095,15.0667411293,32.838,2.18E+10,,
15.9992,15.0667411293,32.838,2.18E+10,,
15.9992,15.0667411293,32.838,2.18E+10,,
15.9989,15.0667411293,32.838,2.18E+10,,
15.9989,15.0667411293,32.838,2.18E+10,,
15.9989,15.0667411293,32.838,2.18E+10,,
15.9989,15.0667411293,32.838,2.18E+10,,
15.9989,15.0667411293,32.838,2.18E+10,,
15.9989,15.0667411293,32.838,2.18E+10,,
15.9989,15.0667411293,32.838,2.18E+10,,
15.9989,15.0667411293,32.838,2.18E+10,,
15.9989,15.0667411293,32.838,2.18E+10,,
15.9989,15.0667411293,32.838,2.18E+10,,
16.0099,15.0667411293,32.838,2.18E+10,,
16.0099,15.0667411293,32.838,2.18E+10,,
16.0099,15.0667411293,32.838,2.18E+10,,
16.0099,15.0667411293,32.838,2.18E+10,,
16.0099,15.0667411293,32.838,2.18E+10,,
16.0099,15.0667411293,32.838,2.18E+10,,
16.0099,15.0667411293,32.838,2.18E+10,,
16.0099,15.0667411293,32.838,2.18E+10,,
15.9886,15.0667411293,32.838,2.17E+10,,
15.9886,15.0667411293,32.838,2.17E+10,,
15.9886,15.0667411293,32.838,2.17E+10,,
15.9886,15.0667411293,32.838,2.17E+10,,
15.9886,15.0667411293,32.838,2.17E+10,,
15.9886,15.0667411293,32.838,2.17E+10,,
15.9886,15.0667411293,32.838,2.17E+10,,
15.9886,15.0667411293,32.838,2.17E+10,,
15.9886,15.0667411293,32.838,2.17E+10,,
15.9886,15.0667411293,32.838,2.17E+10,,
15.9988,15.0667411293,32.838,2.18E+10,,
15.9885,15.0667411293,32.838,2.17E+10,,
15.9885,15.0667411293,32.838,2.17E+10,,
15.9885,15.0667411293,32.838,2.17E+10,,
16.0013,15.0667411293,32.838,2.18E+10,,
16.0013,15.0667411293,32.838,2.18E+10,,
16.0013,15.0667411293,32.838,2.18E+10,,
16.0013,15.0667411293,32.838,2.18E+10,,
15.9913,15.0667411293,32.838,2.17E+10,,
15.9913,15.0667411293,32.838,2.17E+10,,
15.9913,15.0667411293,32.838,2.17E+10,,
15.9913,15.0667411293,32.838,2.17E+10,,
15.9913,15.0667411293,32.838,2.17E+10,,
16.0024,15.0667411293,32.838,2.18E+10,,
16.0024,15.0667411293,32.838,2.18E+10,,
16.0024,15.0667411293,32.838,2.18E+10,,
16.0024,15.0667411293,32.838,2.18E+10,,
16.0024,15.0667411293,32.838,2.18E+10,,
16.0024,15.0667411293,32.838,2.18E+10,,
16.0024,15.0667411293,32.838,2.18E+10,,
16.0024,15.0667411293,32.838,2.18E+10,,
16.0024,15.0667411293,32.838,2.18E+10,,
16.0024,15.0667411293,32.838,2.18E+10,,
16.0024,15.0667411293,32.838,2.18E+10,,
16.0024,15.0667411293,32.838,2.18E+10,,
16.0024,15.0667411293,32.838,2.18E+10,,
16.0024,15.0667411293,32.838,2.18E+10,,
16.0024,15.0667411293,32.838,2.18E+10,,
16.0024,15.0667411293,32.838,2.18E+10,,
16.0024,15.0667411293,32.838,2.18E+10,,
16.0024,15.0667411293,32.838,2.18E+10,,
16.0024,15.0667411293,32.838,2.18E+10,,
16.0024,15.0667411293,32.838,2.18E+10,,
16.0024,15.0667411293,32.838,2.18E+10,,
16.0024,15.0667411293,32.838,2.18E+10,,
16.0024,15.0667411293,32.838,2.18E+10,,
16.0024,15.0667411293,32.838,2.18E+10,,
16.0024,15.0667411293,32.838,2.18E+10,,
16.0024,15.0667411293,32.838,2.18E+10,,
16.0024,15.0667411293,32.838,2.18E+10,,
16.0024,15.0667411293,32.838,2.18E+10,,
16.0024,15.0667411293,32.838,2.18E+10,,
16.0024,15.0667411293,32.838,2.18E+10,,
16.0024,15.0667411293,32.838,2.18E+10,,
16.0024,15.0667411293,32.838,2.18E+10,,
15.9906,15.0667411293,32.838,2.17E+10,,
15.9906,15.0667411293,32.838,2.17E+10,,
15.9906,15.0667411293,32.838,2.17E+10,,
16.0054,15.0667411293,32.838,2.18E+10,,
16.0054,15.0667411293,32.838,2.18E+10,,
16.0054,15.0667411293,32.838,2.18E+10,,
15.9946,15.0667411293,32.838,2.18E+10,,
15.9946,15.0667411293,32.838,2.18E+10,,
15.9946,15.0667411293,32.838,2.18E+10,,
16.0056,15.0667411293,32.838,2.18E+10,,
15.9937,15.0667411293,32.838,2.18E+10,,
15.9937,15.0667411293,32.838,2.18E+10,,
15.9937,15.0667411293,32.838,2.18E+10,,
15.9937,15.0667411293,32.838,2.18E+10,,
15.9937,15.0667411293,32.838,2.18E+10,,
15.9937,15.0667411293,32.838,2.18E+10,,
15.9937,15.0667411293,32.838,2.18E+10,,
15.9937,15.0667411293,32.838,2.18E+10,,
16.0087,15.0667411293,32.838,2.18E+10,,
16.0087,15.0667411293,32.838,2.18E+10,,
16.0087,15.0667411293,32.838,2.18E+10,,
16.0087,15.0667411293,32.838,2.18E+10,,
15.9985,15.0667411293,32.838,2.18E+10,,
15.9985,15.0667411293,32.838,2.18E+10,,
16.011,15.0667411293,32.838,2.18E+10,,
16.011,15.0667411293,32.838,2.18E+10,,
16.011,15.0667411293,32.838,2.18E+10,,
16.011,15.0667411293,32.838,2.18E+10,,
16.011,15.0667411293,32.838,2.18E+10,,
16.011,15.0667411293,32.838,2.18E+10,,
16.011,15.0667411293,32.838,2.18E+10,,
16.011,15.0667411293,32.838,2.18E+10,,
16.011,15.0667411293,32.838,2.18E+10,,
16.011,15.0667411293,32.838,2.18E+10,,
16.011,15.0667411293,32.838,2.18E+10,,
16.011,15.0667411293,32.838,2.18E+10,,
16.011,15.0667411293,32.838,2.18E+10,,
16.011,15.0667411293,32.838,2.18E+10,,
16.0003,15.0667411293,32.838,2.18E+10,,
16.0003,15.0667411293,32.838,2.18E+10,,
16.0003,15.0667411293,32.838,2.18E+10,,
16.0003,15.0667411293,32.838,2.18E+10,,
16.0003,15.0667411293,32.838,2.18E+10,,
16.0003,15.0667411293,32.838,2.18E+10,,
16.0003,15.0667411293,32.838,2.18E+10,,
16.0003,15.0667411293,32.838,2.18E+10,,
16.0003,15.0667411293,32.838,2.18E+10,,
16.0003,15.0667411293,32.838,2.18E+10,,
16.0003,15.0667411293,32.838,2.18E+10,,
16.0003,15.0667411293,32.838,2.18E+10,,
16.0003,15.0667411293,32.838,2.18E+10,,
16.0003,15.0667411293,32.838,2.18E+10,,
16.0003,15.0667411293,32.838,2.18E+10,,
15.9901,15.0667411293,32.838,2.17E+10,,
16.0036,15.0667411293,32.838,2.18E+10,,
16.0036,15.0667411293,32.838,2.18E+10,,
16.0036,15.0667411293,32.838,2.18E+10,,
16.0036,15.0667411293,32.838,2.18E+10,,
16.0036,15.0667411293,32.838,2.18E+10,,
16.0036,15.0667411293,32.838,2.18E+10,,
16.0036,15.0667411293,32.838,2.18E+10,,
16.0036,15.0667411293,32.838,2.18E+10,,
16.0036,15.0667411293,32.838,2.18E+10,,
16.0036,15.0667411293,32.838,2.18E+10,,
16.0036,15.0667411293,32.838,2.18E+10,,
16.0036,15.0667411293,32.838,2.18E+10,,
16.0036,15.0667411293,32.838,2.18E+10,,
15.9935,15.0667411293,32.838,2.18E+10,,
15.9935,15.0667411293,32.838,2.18E+10,,
15.9935,15.0667411293,32.838,2.18E+10,,
15.9935,15.0667411293,32.838,2.18E+10,,
15.9935,15.0667411293,32.838,2.18E+10,,
15.9935,15.0667411293,32.838,2.18E+10,,
15.9935,15.0667411293,32.838,2.18E+10,,
15.9935,15.0667411293,32.838,2.18E+10,,
16.0039,15.0667411293,32.838,2.18E+10,,
16.0039,15.0667411293,32.838,2.18E+10,,
16.0039,15.0667411293,32.838,2.18E+10,,
16.0039,15.0667411293,32.838,2.18E+10,,
16.0039,15.0667411293,32.838,2.18E+10,,
16.0039,15.0667411293,32.838,2.18E+10,,
16.0039,15.0667411293,32.838,2.18E+10,,
15.9931,15.0667411293,32.838,2.18E+10,,
15.9931,15.0667411293,32.838,2.18E+10,,
15.9931,15.0667411293,32.838,2.18E+10,,
15.9931,15.0667411293,32.838,2.18E+10,,
15.9931,15.0667411293,32.838,2.18E+10,,
15.9931,15.0667411293,32.838,2.18E+10,,
15.9931,15.0667411293,32.838,2.18E+10,,
16.0041,15.0667411293,32.838,2.18E+10,,
16.0041,15.0667411293,32.838,2.18E+10,,
16.0041,15.0667411293,32.838,2.18E+10,,
16.0041,15.0667411293,32.838,2.18E+10,,
16.0041,15.0667411293,32.838,2.18E+10,,
16.0041,15.0667411293,32.838,2.18E+10,,
15.9937,15.0667411293,32.838,2.18E+10,,
15.9937,15.0667411293,32.838,2.18E+10,,
16.0093,15.0667411293,32.838,2.18E+10,,
16.0093,15.0667411293,32.838,2.18E+10,,
15.9992,15.0667411293,32.838,2.18E+10,,
15.9992,15.0667411293,32.838,2.18E+10,,
15.9992,15.0667411293,32.838,2.18E+10,,
15.9992,15.0667411293,32.838,2.18E+10,,
15.9992,15.0667411293,32.838,2.18E+10,,
15.9992,15.0667411293,32.838,2.18E+10,,
15.9992,15.0667411293,32.838,2.18E+10,,
15.9872,15.0667411293,32.838,2.17E+10,,
15.9872,15.0667411293,32.838,2.17E+10,,
15.9872,15.0667411293,32.838,2.17E+10,,
15.9872,15.0667411293,32.838,2.17E+10,,
15.9872,15.0667411293,32.838,2.17E+10,,
16.0007,15.0667411293,32.838,2.18E+10,,
16.0007,15.0667411293,32.838,2.18E+10,,
16.0007,15.0667411293,32.838,2.18E+10,,
16.0007,15.0667411293,32.838,2.18E+10,,
16.0007,15.0667411293,32.838,2.18E+10,,
15.9907,15.0667411293,32.838,2.17E+10,,
15.9907,15.0667411293,32.838,2.17E+10,,
16.0007,15.0667411293,32.838,2.18E+10,,
16.0007,15.0667411293,32.838,2.18E+10,,
16.0023,15.0667411293,32.838,2.18E+10,,
16.0023,15.0667411293,32.838,2.18E+10,,
15.9917,15.0667411293,32.838,2.17E+10,,
15.9917,15.0667411293,32.838,2.17E+10,,
15.9917,15.0667411293,32.838,2.17E+10,,
15.9917,15.0667411293,32.838,2.17E+10,,
16.0027,15.0667411293,32.838,2.18E+10,,
16.0027,15.0667411293,32.838,2.18E+10,,
16.0027,15.0667411293,32.838,2.18E+10,,
16.0027,15.0667411293,32.838,2.18E+10,,
16.0027,15.0667411293,32.838,2.18E+10,,
16.0027,15.0667411293,32.838,2.18E+10,,
16.0027,15.0667411293,32.838,2.18E+10,,
16.0027,15.0667411293,32.838,2.18E+10,,
16.0027,15.0667411293,32.838,2.18E+10,,
16.0027,15.0667411293,32.838,2.18E+10,,
16.0135,15.0667411293,32.838,2.18E+10,,
16.0135,15.0667411293,32.838,2.18E+10,,
15.9856,15.0667411293,32.838,2.17E+10,,
15.9856,15.0667411293,32.838,2.17E+10,,
16,15.0667411293,32.838,2.18E+10,,
16,15.0667411293,32.838,2.18E+10,,
16,15.0667411293,32.838,2.18E+10,,
15.9889,15.0667411293,32.838,2.17E+10,,
15.9889,15.0667411293,32.838,2.17E+10,,
15.9889,15.0667411293,32.838,2.17E+10,,
16.0004,15.0667411293,32.838,2.18E+10,,
16.0004,15.0667411293,32.838,2.18E+10,,
16.0004,15.0667411293,32.838,2.18E+10,,
16.0104,15.0667411293,32.838,2.18E+10,,
16.0104,15.0667411293,32.838,2.18E+10,,
16.0104,15.0667411293,32.838,2.18E+10,,
16.0104,15.0667411293,32.838,2.18E+10,,
16.0104,15.0667411293,32.838,2.18E+10,,
15.9948,15.0667411293,32.838,2.18E+10,,
15.9948,15.0667411293,32.838,2.18E+10,,
15.9948,15.0667411293,32.838,2.18E+10,,
15.9948,15.0667411293,32.838,2.18E+10,,
15.9948,15.0667411293,32.838,2.18E+10,,
15.9948,15.0667411293,32.838,2.18E+10,,
15.9948,15.0667411293,32.838,2.18E+10,,
15.9948,15.0667411293,32.838,2.18E+10,,
16.0165,15.0667411293,32.838,2.18E+10,,
16.0165,15.0667411293,32.838,2.18E+10,,
16.002,15.0667411293,32.838,2.18E+10,,
16.002,15.0667411293,32.838,2.18E+10,,
16.002,15.0667411293,32.838,2.18E+10,,
16.002,15.0667411293,32.838,2.18E+10,,
16.0024,15.0667411293,32.838,2.18E+10,,
16.0024,15.0667411293,32.838,2.18E+10,,
16.0024,15.0667411293,32.838,2.18E+10,,
16.0024,15.0667411293,32.838,2.18E+10,,
16.0024,15.0667411293,32.838,2.18E+10,,
16.0024,15.0667411293,32.838,2.18E+10,,
16.0024,15.0667411293,32.838,2.18E+10,,
16.0024,15.0667411293,32.838,2.18E+10,,
16.0024,15.0667411293,32.838,2.18E+10,,
16.0024,15.0667411293,32.838,2.18E+10,,
16.0024,15.0667411293,32.838,2.18E+10,,
15.9922,15.0667411293,32.838,2.18E+10,,
15.9922,15.0667411293,32.838,2.18E+10,,
15.9922,15.0667411293,32.838,2.18E+10,,
15.9922,15.0667411293,32.838,2.18E+10,,
16.0071,15.0667411293,32.838,2.18E+10,,
16.0071,15.0667411293,32.838,2.18E+10,,
16.0071,15.0667411293,32.838,2.18E+10,,
16.0071,15.0667411293,32.838,2.18E+10,,
16.0071,15.0667411293,32.838,2.18E+10,,
16.0071,15.0667411293,32.838,2.18E+10,,
16.0071,15.0667411293,32.838,2.18E+10,,
16.0071,15.0667411293,32.838,2.18E+10,,
16.0071,15.0667411293,32.838,2.18E+10,,
16.0071,15.0667411293,32.838,2.18E+10,,
16.0071,15.0667411293,32.838,2.18E+10,,
16.0071,15.0667411293,32.838,2.18E+10,,
16.0071,15.0667411293,32.838,2.18E+10,,
16.0071,15.0667411293,32.838,2.18E+10,,
16.0071,15.0667411293,32.838,2.18E+10,,
16.0071,15.0667411293,32.838,2.18E+10,,
16.0071,15.0667411293,32.838,2.18E+10,,
16.0071,15.0667411293,32.838,2.18E+10,,
16.0071,15.0667411293,32.838,2.18E+10,,
16.0071,15.0667411293,32.838,2.18E+10,,
16.0071,15.0667411293,32.838,2.18E+10,,
16.0071,15.0667411293,32.838,2.18E+10,,
15.9964,15.0667411293,32.838,2.18E+10,,
15.9964,15.0667411293,32.838,2.18E+10,,
15.9964,15.0667411293,32.838,2.18E+10,,
15.9964,15.0667411293,32.838,2.18E+10,,
15.9964,15.0667411293,32.838,2.18E+10,,
15.9964,15.0667411293,32.838,2.18E+10,,
16.0074,15.0667411293,32.838,2.18E+10,,
16.0074,15.0667411293,32.838,2.18E+10,,
16.0074,15.0667411293,32.838,2.18E+10,,
16.0074,15.0667411293,32.838,2.18E+10,,
15.9933,15.0667411293,32.838,2.18E+10,,
15.9933,15.0667411293,32.838,2.18E+10,,
16.004,15.0667411293,32.838,2.18E+10,,
16.004,15.0667411293,32.838,2.18E+10,,
16.004,15.0667411293,32.838,2.18E+10,,
16.004,15.0667411293,32.838,2.18E+10,,
16.004,15.0667411293,32.838,2.18E+10,,
16.004,15.0667411293,32.838,2.18E+10,,
16.004,15.0667411293,32.838,2.18E+10,,
16.004,15.0667411293,32.838,2.18E+10,,
16.004,15.0667411293,32.838,2.18E+10,,
16.004,15.0667411293,32.838,2.18E+10,,
16.004,15.0667411293,32.838,2.18E+10,,
16.004,15.0667411293,32.838,2.18E+10,,
16.004,15.0667411293,32.838,2.18E+10,,
16.004,15.0667411293,32.838,2.18E+10,,
16.004,15.0667411293,32.838,2.18E+10,,
16.004,15.0667411293,32.838,2.18E+10,,
16.004,15.0667411293,32.838,2.18E+10,,
15.9888,15.0667411293,32.838,2.17E+10,,
15.9888,15.0667411293,32.838,2.17E+10,,
15.9888,15.0667411293,32.838,2.17E+10,,
15.999,15.0667411293,32.838,2.18E+10,,
15.999,15.0667411293,32.838,2.18E+10,,
15.999,15.0667411293,32.838,2.18E+10,,
15.999,15.0667411293,32.838,2.18E+10,,
15.999,15.0667411293,32.838,2.18E+10,,
15.999,15.0667411293,32.838,2.18E+10,,
15.999,15.0667411293,32.838,2.18E+10,,
15.999,15.0667411293,32.838,2.18E+10,,
15.999,15.0667411293,32.838,2.18E+10,,
15.999,15.0667411293,32.838,2.18E+10,,
15.999,15.0667411293,32.838,2.18E+10,,
15.999,15.0667411293,32.838,2.18E+10,,
15.999,15.0667411293,32.838,2.18E+10,,
15.999,15.0667411293,32.838,2.18E+10,,
15.999,15.0667411293,32.838,2.18E+10,,
15.999,15.0667411293,32.838,2.18E+10,,
15.999,15.0667411293,32.838,2.18E+10,,
15.999,15.0667411293,32.838,2.18E+10,,
15.999,15.0667411293,32.838,2.18E+10,,
15.999,15.0667411293,32.838,2.18E+10,,
15.999,15.0667411293,32.838,2.18E+10,,
16.0145,15.0667411293,32.838,2.18E+10,,
16.0145,15.0667411293,32.838,2.18E+10,,
16.0145,15.0667411293,32.838,2.18E+10,,
16.0026,15.0667411293,32.838,2.18E+10,,
16.0026,15.0667411293,32.838,2.18E+10,,
16.0026,15.0667411293,32.838,2.18E+10,,
16.0026,15.0667411293,32.838,2.18E+10,,
16.0026,15.0667411293,32.838,2.18E+10,,
15.9925,15.0667411293,32.838,2.18E+10,,
15.9925,15.0667411293,32.838,2.18E+10,,
15.9925,15.0667411293,32.838,2.18E+10,,
16.0081,15.0667411293,32.838,2.18E+10,,
16.0081,15.0667411293,32.838,2.18E+10,,
16.0081,15.0667411293,32.838,2.18E+10,,
16.0081,15.0667411293,32.838,2.18E+10,,
16.0081,15.0667411293,32.838,2.18E+10,,
16.0081,15.0667411293,32.838,2.18E+10,,
16.0081,15.0667411293,32.838,2.18E+10,,
16.0081,15.0667411293,32.838,2.18E+10,,
15.9976,15.0667411293,32.838,2.18E+10,,
15.9976,15.0667411293,32.838,2.18E+10,,
15.9976,15.0667411293,32.838,2.18E+10,,
15.9976,15.0667411293,32.838,2.18E+10,,
15.9865,15.0667411293,32.838,2.17E+10,,
15.9865,15.0667411293,32.838,2.17E+10,,
16.0005,15.0667411293,32.838,2.18E+10,,
16.0005,15.0667411293,32.838,2.18E+10,,
16.0005,15.0667411293,32.838,2.18E+10,,
16.0005,15.0667411293,32.838,2.18E+10,,
16.0005,15.0667411293,32.838,2.18E+10,,
16.0005,15.0667411293,32.838,2.18E+10,,
16.0005,15.0667411293,32.838,2.18E+10,,
16.0005,15.0667411293,32.838,2.18E+10,,
16.0005,15.0667411293,32.838,2.18E+10,,
15.9904,15.0667411293,32.838,2.17E+10,,
15.9904,15.0667411293,32.838,2.17E+10,,
15.9904,15.0667411293,32.838,2.17E+10,,
15.9904,15.0667411293,32.838,2.17E+10,,
15.9904,15.0667411293,32.838,2.17E+10,,
16.004,15.0667411293,32.838,2.18E+10,,
16.004,15.0667411293,32.838,2.18E+10,,
16.0013,15.0667411293,32.838,2.18E+10,,
16.0013,15.0667411293,32.838,2.18E+10,,
16.0013,15.0667411293,32.838,2.18E+10,,
16.0013,15.0667411293,32.838,2.18E+10,,
16.0013,15.0667411293,32.838,2.18E+10,,
15.979,15.0667411293,32.838,2.17E+10,,
15.979,15.0667411293,32.838,2.17E+10,,
15.9892,15.0667411293,32.838,2.17E+10,,
15.9783,15.0667411293,32.838,2.17E+10,,
15.9783,15.0667411293,32.838,2.17E+10,,
15.9891,15.0667411293,32.838,2.17E+10,,
15.9891,15.0667411293,32.838,2.17E+10,,
15.9891,15.0667411293,32.838,2.17E+10,,
15.9891,15.0667411293,32.838,2.17E+10,,
15.9891,15.0667411293,32.838,2.17E+10,,
15.9891,15.0667411293,32.838,2.17E+10,,
15.9891,15.0667411293,32.838,2.17E+10,,
15.9891,15.0667411293,32.838,2.17E+10,,
15.9891,15.0667411293,32.838,2.17E+10,,
16.001,15.0667411293,32.838,2.18E+10,,
16.001,15.0667411293,32.838,2.18E+10,,
16.001,15.0667411293,32.838,2.18E+10,,
16.001,15.0667411293,32.838,2.18E+10,,
16.001,15.0667411293,32.838,2.18E+10,,
16.001,15.0667411293,32.838,2.18E+10,,
16.001,15.0667411293,32.838,2.18E+10,,
16.001,15.0667411293,32.838,2.18E+10,,
16.001,15.0667411293,32.838,2.18E+10,,
16.0125,15.0667411293,32.838,2.18E+10,,
16.0125,15.0667411293,32.838,2.18E+10,,
16.0125,15.0667411293,32.838,2.18E+10,,
16.0125,15.0667411293,32.838,2.18E+10,,
16.0125,15.0667411293,32.838,2.18E+10,,
16.0125,15.0667411293,32.838,2.18E+10,,
16.0125,15.0667411293,32.838,2.18E+10,,
15.9991,15.0667411293,32.838,2.18E+10,,
15.9991,15.0667411293,32.838,2.18E+10,,
15.9991,15.0667411293,32.838,2.18E+10,,
15.9991,15.0667411293,32.838,2.18E+10,,
15.9991,15.0667411293,32.838,2.18E+10,,
15.9991,15.0667411293,32.838,2.18E+10,,
16.011,15.0667411293,32.838,2.18E+10,,
15.996,15.0667411293,32.838,2.18E+10,,
15.996,15.0667411293,32.838,2.18E+10,,
15.996,15.0667411293,32.838,2.18E+10,,
15.9825,15.0667411293,32.838,2.17E+10,,
15.9825,15.0667411293,32.838,2.17E+10,,
15.9937,15.0667411293,32.838,2.18E+10,,
15.9937,15.0667411293,32.838,2.18E+10,,
15.9937,15.0667411293,32.838,2.18E+10,,
15.9937,15.0667411293,32.838,2.18E+10,,
15.9937,15.0667411293,32.838,2.18E+10,,
15.969,15.0667411293,32.838,2.17E+10,,
15.969,15.0667411293,32.838,2.17E+10,,
15.9804,15.0667411293,32.838,2.17E+10,,
15.9804,15.0667411293,32.838,2.17E+10,,
15.9929,15.0667411293,32.838,2.18E+10,,
15.9929,15.0667411293,32.838,2.18E+10,,
15.9818,15.0667411293,32.838,2.17E+10,,
15.9925,15.0667411293,32.838,2.18E+10,,
15.9925,15.0667411293,32.838,2.18E+10,,
15.9925,15.0667411293,32.838,2.18E+10,,
15.9925,15.0667411293,32.838,2.18E+10,,
15.9925,15.0667411293,32.838,2.18E+10,,
15.9925,15.0667411293,32.838,2.18E+10,,
15.9925,15.0667411293,32.838,2.18E+10,,
15.9925,15.0667411293,32.838,2.18E+10,,
15.9925,15.0667411293,32.838,2.18E+10,,
15.9925,15.0667411293,32.838,2.18E+10,,
15.9925,15.0667411293,32.838,2.18E+10,,
15.9925,15.0667411293,32.838,2.18E+10,,
15.9925,15.0667411293,32.838,2.18E+10,,
15.9925,15.0667411293,32.838,2.18E+10,,
15.9925,15.0667411293,32.838,2.18E+10,,
15.9925,15.0667411293,32.838,2.18E+10,,
15.9925,15.0667411293,32.838,2.18E+10,,
16.0037,15.0667411293,32.838,2.18E+10,,
16.0037,15.0667411293,32.838,2.18E+10,,
16.0187,15.0667411293,32.838,2.18E+10,,
16.0187,15.0667411293,32.838,2.18E+10,,
16.0187,15.0667411293,32.838,2.18E+10,,
16.0187,15.0667411293,32.838,2.18E+10,,
16.0187,15.0667411293,32.838,2.18E+10,,
16.0187,15.0667411293,32.838,2.18E+10,,
16.0187,15.0667411293,32.838,2.18E+10,,
16.0058,15.0667411293,32.838,2.18E+10,,
16.0058,15.0667411293,32.838,2.18E+10,,
16.0058,15.0667411293,32.838,2.18E+10,,
16.0058,15.0667411293,32.838,2.18E+10,,
16.0058,15.0667411293,32.838,2.18E+10,,
15.9953,15.0667411293,32.838,2.18E+10,,
15.9953,15.0667411293,32.838,2.18E+10,,
15.9953,15.0667411293,32.838,2.18E+10,,
15.9953,15.0667411293,32.838,2.18E+10,,
15.9953,15.0667411293,32.838,2.18E+10,,
15.9831,15.0667411293,32.838,2.17E+10,,
15.9831,15.0667411293,32.838,2.17E+10,,
15.9831,15.0667411293,32.838,2.17E+10,,
15.9831,15.0667411293,32.838,2.17E+10,,
15.9831,15.0667411293,32.838,2.17E+10,,
15.9831,15.0667411293,32.838,2.17E+10,,
15.9831,15.0667411293,32.838,2.17E+10,,
15.9831,15.0667411293,32.838,2.17E+10,,
15.9831,15.0667411293,32.838,2.17E+10,,
15.9831,15.0667411293,32.838,2.17E+10,,
15.9831,15.0667411293,32.838,2.17E+10,,
15.9952,15.0667411293,32.838,2.18E+10,,
15.9952,15.0667411293,32.838,2.18E+10,,
15.9952,15.0667411293,32.838,2.18E+10,,
15.9848,15.0667411293,32.838,2.17E+10,,
15.9848,15.0667411293,32.838,2.17E+10,,
15.9848,15.0667411293,32.838,2.17E+10,,
15.9848,15.0667411293,32.838,2.17E+10,,
15.9952,15.0667411293,32.838,2.18E+10,,
15.9952,15.0667411293,32.838,2.18E+10,,
15.9952,15.0667411293,32.838,2.18E+10,,
15.9952,15.0667411293,32.838,2.18E+10,,
15.9952,15.0667411293,32.838,2.18E+10,,
15.9952,15.0667411293,32.838,2.18E+10,,
15.9952,15.0667411293,32.838,2.18E+10,,
15.9952,15.0667411293,32.838,2.18E+10,,
15.9952,15.0667411293,32.838,2.18E+10,,
15.9952,15.0667411293,32.838,2.18E+10,,
15.9952,15.0667411293,32.838,2.18E+10,,
15.9952,15.0667411293,32.838,2.18E+10,,
15.9952,15.0667411293,32.838,2.18E+10,,
15.9952,15.0667411293,32.838,2.18E+10,,
16.0065,15.0667411293,32.838,2.18E+10,,
16.0065,15.0667411293,32.838,2.18E+10,,
16.0065,15.0667411293,32.838,2.18E+10,,
15.9954,15.0667411293,32.838,2.18E+10,,
15.9954,15.0667411293,32.838,2.18E+10,,
15.9954,15.0667411293,32.838,2.18E+10,,
15.9954,15.0667411293,32.838,2.18E+10,,
15.9954,15.0667411293,32.838,2.18E+10,,
15.9954,15.0667411293,32.838,2.18E+10,,
15.9954,15.0667411293,32.838,2.18E+10,,
15.9954,15.0667411293,32.838,2.18E+10,,
15.9954,15.0667411293,32.838,2.18E+10,,
15.9954,15.0667411293,32.838,2.18E+10,,
15.9954,15.0667411293,32.838,2.18E+10,,
15.9954,15.0667411293,32.838,2.18E+10,,
16.0055,15.0667411293,32.838,2.18E+10,,
15.9947,15.0667411293,32.838,2.18E+10,,
15.9947,15.0667411293,32.838,2.18E+10,,
15.9947,15.0667411293,32.838,2.18E+10,,
15.9947,15.0667411293,32.838,2.18E+10,,
15.9947,15.0667411293,32.838,2.18E+10,,
16.0049,15.0667411293,32.838,2.18E+10,,
